title,price,genre,rating,genre_group,in_stock,price_band,price_tier,rating_label
It's Only the Himalayas,45.17,Travel,2,Lifestyle & Light Reads,True,Upper-Mid,Mid-High,Average
Full Moon over Noahs Ark: An Odyssey to Mount Ararat and Beyond,49.43,Travel,4,Lifestyle & Light Reads,True,Upper-Mid,Most Expensive,Very Good
See America: A Celebration of Our National Parks & Treasured Sites,48.87,Travel,3,Lifestyle & Light Reads,True,Upper-Mid,Most Expensive,Good
Vagabonding: An Uncommon Guide to the Art of Long-Term World Travel,36.94,Travel,2,Lifestyle & Light Reads,True,Mid,Mid-High,Average
Under the Tuscan Sun,37.33,Travel,3,Lifestyle & Light Reads,True,Mid,Mid-High,Good
A Summer In Europe,44.34,Travel,2,Lifestyle & Light Reads,True,Mid,Mid-High,Average
The Great Railway Bazaar,30.54,Travel,1,Lifestyle & Light Reads,True,Mid,Mid-Low,Poor
A Year in Provence (Provence #1),56.88,Travel,4,Lifestyle & Light Reads,True,Upper-Mid,Most Expensive,Very Good
The Road to Little Dribbling: Adventures of an American in Britain (Notes From a Small Island #2),23.21,Travel,1,Lifestyle & Light Reads,True,Lower-Mid,Mid-Low,Poor
Neither Here nor There: Travels in Europe,38.95,Travel,3,Lifestyle & Light Reads,True,Mid,Mid-High,Good
"1,000 Places to See Before You Die",26.08,Travel,5,Lifestyle & Light Reads,True,Lower-Mid,Mid-Low,Excellent
Sharp Objects,47.82,Mystery,4,Core Fiction,True,Upper-Mid,Mid-High,Very Good
"In a Dark, Dark Wood",19.63,Mystery,1,Core Fiction,True,Lower-Mid,Cheapest,Poor
The Past Never Ends,56.5,Mystery,4,Core Fiction,True,Upper-Mid,Most Expensive,Very Good
A Murder in Time,16.64,Mystery,1,Core Fiction,True,Lower-Mid,Cheapest,Poor
The Murder of Roger Ackroyd (Hercule Poirot #4),44.1,Mystery,4,Core Fiction,True,Mid,Mid-High,Very Good
The Last Mile (Amos Decker #2),54.21,Mystery,2,Core Fiction,True,Upper-Mid,Most Expensive,Average
That Darkness (Gardiner and Renner #1),13.92,Mystery,1,Core Fiction,True,Low,Cheapest,Poor
Tastes Like Fear (DI Marnie Rome #3),10.69,Mystery,1,Core Fiction,True,Low,Cheapest,Poor
A Time of Torment (Charlie Parker #14),48.35,Mystery,5,Core Fiction,True,Upper-Mid,Most Expensive,Excellent
A Study in Scarlet (Sherlock Holmes #1),16.73,Mystery,2,Core Fiction,True,Lower-Mid,Cheapest,Average
Poisonous (Max Revere Novels #3),26.8,Mystery,3,Core Fiction,True,Lower-Mid,Mid-Low,Good
Murder at the 42nd Street Library (Raymond Ambler #1),54.36,Mystery,4,Core Fiction,True,Upper-Mid,Most Expensive,Very Good
Most Wanted,35.28,Mystery,3,Core Fiction,True,Mid,Mid-Low,Good
Hide Away (Eve Duncan #20),11.84,Mystery,1,Core Fiction,True,Low,Cheapest,Poor
Boar Island (Anna Pigeon #19),59.48,Mystery,3,Core Fiction,True,Upper-Mid,Most Expensive,Good
The Widow,27.26,Mystery,2,Core Fiction,True,Lower-Mid,Mid-Low,Average
Playing with Fire,13.71,Mystery,3,Core Fiction,True,Low,Cheapest,Good
What Happened on Beale Street (Secrets of the South Mysteries #2),25.37,Mystery,5,Core Fiction,True,Lower-Mid,Mid-Low,Excellent
The Bachelor Girl's Guide to Murder (Herringford and Watts Mysteries #1),52.3,Mystery,5,Core Fiction,True,Upper-Mid,Most Expensive,Excellent
Delivering the Truth (Quaker Midwife Mystery #1),20.89,Mystery,4,Core Fiction,True,Lower-Mid,Cheapest,Very Good
The Mysterious Affair at Styles (Hercule Poirot #1),24.8,Mystery,4,Core Fiction,True,Lower-Mid,Mid-Low,Very Good
In the Woods (Dublin Murder Squad #1),38.38,Mystery,2,Core Fiction,True,Mid,Mid-High,Average
The Silkworm (Cormoran Strike #2),23.05,Mystery,5,Core Fiction,True,Lower-Mid,Mid-Low,Excellent
The Exiled,43.45,Mystery,3,Core Fiction,True,Mid,Mid-High,Good
The Cuckoo's Calling (Cormoran Strike #1),19.21,Mystery,1,Core Fiction,True,Lower-Mid,Cheapest,Poor
Extreme Prey (Lucas Davenport #26),25.4,Mystery,3,Core Fiction,True,Lower-Mid,Mid-Low,Good
Career of Evil (Cormoran Strike #3),24.72,Mystery,2,Core Fiction,True,Lower-Mid,Mid-Low,Average
The No. 1 Ladies' Detective Agency (No. 1 Ladies' Detective Agency #1),57.7,Mystery,4,Core Fiction,True,Upper-Mid,Most Expensive,Very Good
The Girl You Lost,12.29,Mystery,5,Core Fiction,True,Low,Cheapest,Excellent
The Girl In The Ice (DCI Erika Foster #1),15.85,Mystery,3,Core Fiction,True,Lower-Mid,Cheapest,Good
Blood Defense (Samantha Brinkman #1),20.3,Mystery,3,Core Fiction,True,Lower-Mid,Cheapest,Good
1st to Die (Women's Murder Club #1),53.98,Mystery,1,Core Fiction,True,Upper-Mid,Most Expensive,Poor
Tipping the Velvet,53.74,Historical Fiction,1,Core Fiction,True,Upper-Mid,Most Expensive,Poor
Forever and Forever: The Courtship of Henry Longfellow and Fanny Appleton,29.69,Historical Fiction,3,Core Fiction,True,Lower-Mid,Mid-Low,Good
A Flight of Arrows (The Pathfinders #2),55.53,Historical Fiction,5,Core Fiction,True,Upper-Mid,Most Expensive,Excellent
The House by the Lake,36.95,Historical Fiction,1,Core Fiction,True,Mid,Mid-High,Poor
Mrs. Houdini,30.25,Historical Fiction,5,Core Fiction,True,Mid,Mid-Low,Excellent
The Marriage of Opposites,28.08,Historical Fiction,4,Core Fiction,True,Lower-Mid,Mid-Low,Very Good
Glory over Everything: Beyond The Kitchen House,45.84,Historical Fiction,3,Core Fiction,True,Upper-Mid,Mid-High,Good
"Love, Lies and Spies",20.55,Historical Fiction,2,Core Fiction,True,Lower-Mid,Cheapest,Average
A Paris Apartment,39.01,Historical Fiction,4,Core Fiction,True,Mid,Mid-High,Very Good
Lilac Girls,17.28,Historical Fiction,2,Core Fiction,True,Lower-Mid,Cheapest,Average
The Constant Princess (The Tudor Court #1),16.62,Historical Fiction,3,Core Fiction,True,Lower-Mid,Cheapest,Good
The Invention of Wings,37.34,Historical Fiction,1,Core Fiction,True,Mid,Mid-High,Poor
World Without End (The Pillars of the Earth #2),32.97,Historical Fiction,4,Core Fiction,True,Mid,Mid-Low,Very Good
The Passion of Dolssa,28.32,Historical Fiction,5,Core Fiction,True,Lower-Mid,Mid-Low,Excellent
Girl With a Pearl Earring,26.77,Historical Fiction,1,Core Fiction,True,Lower-Mid,Mid-Low,Poor
Voyager (Outlander #3),21.07,Historical Fiction,5,Core Fiction,True,Lower-Mid,Cheapest,Excellent
The Red Tent,35.66,Historical Fiction,5,Core Fiction,True,Mid,Mid-Low,Excellent
The Last Painting of Sara de Vos,55.55,Historical Fiction,2,Core Fiction,True,Upper-Mid,Most Expensive,Average
The Guernsey Literary and Potato Peel Pie Society,49.53,Historical Fiction,1,Core Fiction,True,Upper-Mid,Most Expensive,Poor
Girl in the Blue Coat,46.83,Historical Fiction,2,Core Fiction,True,Upper-Mid,Mid-High,Average
Between Shades of Gray,20.79,Historical Fiction,5,Core Fiction,True,Lower-Mid,Cheapest,Excellent
While You Were Mine,41.32,Historical Fiction,5,Core Fiction,True,Mid,Mid-High,Excellent
The Secret Healer,34.56,Historical Fiction,3,Core Fiction,True,Mid,Mid-Low,Good
Starlark,25.83,Historical Fiction,3,Core Fiction,True,Lower-Mid,Mid-Low,Good
Lost Among the Living,27.7,Historical Fiction,4,Core Fiction,True,Lower-Mid,Mid-Low,Very Good
A Spy's Devotion (The Regency Spies of London #1),16.97,Historical Fiction,5,Core Fiction,True,Lower-Mid,Cheapest,Excellent
Scott Pilgrim's Precious Little Life (Scott Pilgrim #1),52.29,Sequential Art,5,History / Psychology / Human Stories,True,Upper-Mid,Most Expensive,Excellent
Tsubasa: WoRLD CHRoNiCLE 2 (Tsubasa WoRLD CHRoNiCLE #2),16.28,Sequential Art,1,History / Psychology / Human Stories,True,Lower-Mid,Cheapest,Poor
This One Summer,19.49,Sequential Art,4,History / Psychology / Human Stories,True,Lower-Mid,Cheapest,Very Good
The Nameless City (The Nameless City #1),38.16,Sequential Art,4,History / Psychology / Human Stories,True,Mid,Mid-High,Very Good
"Saga, Volume 5 (Saga (Collected Editions) #5)",51.04,Sequential Art,2,History / Psychology / Human Stories,True,Upper-Mid,Most Expensive,Average
"Rat Queens, Vol. 3: Demons (Rat Queens (Collected Editions) #11-15)",50.4,Sequential Art,3,History / Psychology / Human Stories,True,Upper-Mid,Most Expensive,Good
"Princess Jellyfish 2-in-1 Omnibus, Vol. 01 (Princess Jellyfish 2-in-1 Omnibus #1)",13.61,Sequential Art,5,History / Psychology / Human Stories,True,Low,Cheapest,Excellent
"Pop Gun War, Volume 1: Gift",18.97,Sequential Art,1,History / Psychology / Human Stories,True,Lower-Mid,Cheapest,Poor
Patience,10.16,Sequential Art,3,History / Psychology / Human Stories,True,Low,Cheapest,Good
"Outcast, Vol. 1: A Darkness Surrounds Him (Outcast #1)",15.44,Sequential Art,4,History / Psychology / Human Stories,True,Lower-Mid,Cheapest,Very Good
orange: The Complete Collection 1 (orange: The Complete Collection #1),48.41,Sequential Art,1,History / Psychology / Human Stories,True,Upper-Mid,Most Expensive,Poor
"Lumberjanes, Vol. 2: Friendship to the Max (Lumberjanes #5-8)",46.91,Sequential Art,2,History / Psychology / Human Stories,True,Upper-Mid,Mid-High,Average
"Lumberjanes, Vol. 1: Beware the Kitten Holy (Lumberjanes #1-4)",45.61,Sequential Art,3,History / Psychology / Human Stories,True,Upper-Mid,Mid-High,Good
Lumberjanes Vol. 3: A Terrible Plan (Lumberjanes #9-12),19.92,Sequential Art,2,History / Psychology / Human Stories,True,Lower-Mid,Cheapest,Average
"I Hate Fairyland, Vol. 1: Madly Ever After (I Hate Fairyland (Compilations) #1-5)",29.17,Sequential Art,2,History / Psychology / Human Stories,True,Lower-Mid,Mid-Low,Average
I am a Hero Omnibus Volume 1,54.63,Sequential Art,3,History / Psychology / Human Stories,True,Upper-Mid,Most Expensive,Good
"Giant Days, Vol. 2 (Giant Days #5-8)",22.11,Sequential Art,2,History / Psychology / Human Stories,True,Lower-Mid,Cheapest,Average
Danganronpa Volume 1,51.99,Sequential Art,4,History / Psychology / Human Stories,True,Upper-Mid,Most Expensive,Very Good
"Codename Baboushka, Volume 1: The Conclave of Death",36.72,Sequential Art,4,History / Psychology / Human Stories,True,Mid,Mid-High,Very Good
Camp Midnight,17.08,Sequential Art,4,History / Psychology / Human Stories,True,Lower-Mid,Cheapest,Very Good
"Bitch Planet, Vol. 1: Extraordinary Machine (Bitch Planet (Collected Editions))",37.92,Sequential Art,2,History / Psychology / Human Stories,True,Mid,Mid-High,Average
The Shadow Hero (The Shadow Hero),33.14,Sequential Art,1,History / Psychology / Human Stories,True,Mid,Mid-Low,Poor
"Fables, Vol. 1: Legends in Exile (Fables #1)",41.62,Sequential Art,4,History / Psychology / Human Stories,True,Mid,Mid-High,Very Good
Batman: The Long Halloween (Batman),36.5,Sequential Art,2,History / Psychology / Human Stories,True,Mid,Mid-High,Average
Batman: The Dark Knight Returns (Batman),15.38,Sequential Art,5,History / Psychology / Human Stories,True,Lower-Mid,Cheapest,Excellent
"Wonder Woman: Earth One, Volume One (Wonder Woman: Earth One #1)",37.34,Sequential Art,4,History / Psychology / Human Stories,True,Mid,Mid-High,Very Good
"We Are Robin, Vol. 1: The Vigilante Business (We Are Robin #1)",53.9,Sequential Art,1,History / Psychology / Human Stories,True,Upper-Mid,Most Expensive,Poor
Through the Woods,25.38,Sequential Art,2,History / Psychology / Human Stories,True,Lower-Mid,Mid-Low,Average
Superman Vol. 1: Before Truth (Superman by Gene Luen Yang #1),11.89,Sequential Art,5,History / Psychology / Human Stories,True,Low,Cheapest,Excellent
"So Cute It Hurts!!, Vol. 6 (So Cute It Hurts!! #6)",35.43,Sequential Art,4,History / Psychology / Human Stories,True,Mid,Mid-Low,Very Good
Robin War,47.82,Sequential Art,3,History / Psychology / Human Stories,True,Upper-Mid,Mid-High,Good
"Red Hood/Arsenal, Vol. 1: Open for Business (Red Hood/Arsenal #1)",25.48,Sequential Art,2,History / Psychology / Human Stories,True,Lower-Mid,Mid-Low,Average
"Naruto (3-in-1 Edition), Vol. 14: Includes Vols. 40, 41 & 42 (Naruto: Omnibus #14)",38.39,Sequential Art,2,History / Psychology / Human Stories,True,Mid,Mid-High,Average
Lowriders to the Center of the Earth (Lowriders in Space #2),51.51,Sequential Art,2,History / Psychology / Human Stories,True,Upper-Mid,Most Expensive,Average
El Deafo,57.62,Sequential Art,5,History / Psychology / Human Stories,True,Upper-Mid,Most Expensive,Excellent
Batman: Europa,32.01,Sequential Art,2,History / Psychology / Human Stories,True,Mid,Mid-Low,Average
Art Ops Vol. 1,48.8,Sequential Art,3,History / Psychology / Human Stories,True,Upper-Mid,Most Expensive,Good
Adulthood Is a Myth: A Sarah's Scribbles Collection,10.9,Sequential Art,2,History / Psychology / Human Stories,True,Low,Cheapest,Average
"Fruits Basket, Vol. 9 (Fruits Basket #9)",33.95,Sequential Art,4,History / Psychology / Human Stories,True,Mid,Mid-Low,Very Good
Roller Girl,14.1,Sequential Art,5,History / Psychology / Human Stories,True,Low,Cheapest,Excellent
"Fruits Basket, Vol. 7 (Fruits Basket #7)",19.57,Sequential Art,1,History / Psychology / Human Stories,True,Lower-Mid,Cheapest,Poor
"Fruits Basket, Vol. 6 (Fruits Basket #6)",20.96,Sequential Art,4,History / Psychology / Human Stories,True,Lower-Mid,Cheapest,Very Good
"Death Note, Vol. 6: Give-and-Take (Death Note #6)",36.39,Sequential Art,3,History / Psychology / Human Stories,True,Mid,Mid-High,Good
"Fruits Basket, Vol. 5 (Fruits Basket #5)",16.33,Sequential Art,1,History / Psychology / Human Stories,True,Lower-Mid,Cheapest,Poor
"Death Note, Vol. 5: Whiteout (Death Note #5)",52.41,Sequential Art,1,History / Psychology / Human Stories,True,Upper-Mid,Most Expensive,Poor
"The Demon Prince of Momochi House, Vol. 4 (The Demon Prince of Momochi House #4)",27.88,Sequential Art,2,History / Psychology / Human Stories,True,Lower-Mid,Mid-Low,Average
"Fruits Basket, Vol. 4 (Fruits Basket #4)",50.44,Sequential Art,4,History / Psychology / Human Stories,True,Upper-Mid,Most Expensive,Very Good
"The Wicked + The Divine, Vol. 3: Commercial Suicide (The Wicked + The Divine)",14.41,Sequential Art,3,History / Psychology / Human Stories,True,Low,Cheapest,Good
"The Sandman, Vol. 3: Dream Country (The Sandman (volumes) #3)",55.55,Sequential Art,5,History / Psychology / Human Stories,True,Upper-Mid,Most Expensive,Excellent
"Saga, Volume 3 (Saga (Collected Editions) #3)",21.57,Sequential Art,5,History / Psychology / Human Stories,True,Lower-Mid,Cheapest,Excellent
Prodigy: The Graphic Novel (Legend: The Graphic Novel #2),43.63,Sequential Art,3,History / Psychology / Human Stories,True,Mid,Mid-High,Good
Persepolis: The Story of a Childhood (Persepolis #1-2),39.13,Sequential Art,1,History / Psychology / Human Stories,True,Mid,Mid-High,Poor
Original Fake,31.45,Sequential Art,3,History / Psychology / Human Stories,True,Mid,Mid-Low,Good
"Grayson, Vol 3: Nemesis (Grayson #3)",42.72,Sequential Art,1,History / Psychology / Human Stories,True,Mid,Mid-High,Poor
"Fruits Basket, Vol. 3 (Fruits Basket #3)",45.17,Sequential Art,2,History / Psychology / Human Stories,True,Upper-Mid,Mid-High,Average
"Black Butler, Vol. 1 (Black Butler #1)",49.31,Sequential Art,1,History / Psychology / Human Stories,True,Upper-Mid,Most Expensive,Poor
Awkward,38.02,Sequential Art,2,History / Psychology / Human Stories,True,Mid,Mid-High,Average
"The Sandman, Vol. 2: The Doll's House (The Sandman (volumes) #2)",54.81,Sequential Art,1,History / Psychology / Human Stories,True,Upper-Mid,Most Expensive,Poor
"Saga, Volume 2 (Saga (Collected Editions) #2)",11.75,Sequential Art,3,History / Psychology / Human Stories,True,Low,Cheapest,Good
"Fruits Basket, Vol. 2 (Fruits Basket #2)",11.64,Sequential Art,5,History / Psychology / Human Stories,True,Low,Cheapest,Excellent
"Y: The Last Man, Vol. 1: Unmanned (Y: The Last Man #1)",18.51,Sequential Art,4,History / Psychology / Human Stories,True,Lower-Mid,Cheapest,Very Good
"The Wicked + The Divine, Vol. 1: The Faust Act (The Wicked + The Divine)",36.52,Sequential Art,2,History / Psychology / Human Stories,True,Mid,Mid-High,Average
"The Sandman, Vol. 1: Preludes and Nocturnes (The Sandman (volumes) #1)",54.12,Sequential Art,3,History / Psychology / Human Stories,True,Upper-Mid,Most Expensive,Good
The Complete Maus (Maus #1-2),10.64,Sequential Art,3,History / Psychology / Human Stories,True,Low,Cheapest,Good
"Skip Beat!, Vol. 01 (Skip Beat! #1)",42.12,Sequential Art,3,History / Psychology / Human Stories,True,Mid,Mid-High,Good
"Saga, Volume 1 (Saga (Collected Editions) #1)",28.48,Sequential Art,1,History / Psychology / Human Stories,True,Lower-Mid,Mid-Low,Poor
"Rat Queens, Vol. 1: Sass & Sorcery (Rat Queens (Collected Editions) #1-5)",46.96,Sequential Art,5,History / Psychology / Human Stories,True,Upper-Mid,Mid-High,Excellent
"Paper Girls, Vol. 1 (Paper Girls #1-5)",21.71,Sequential Art,4,History / Psychology / Human Stories,True,Lower-Mid,Cheapest,Very Good
"Ouran High School Host Club, Vol. 1 (Ouran High School Host Club #1)",29.87,Sequential Art,3,History / Psychology / Human Stories,True,Lower-Mid,Mid-Low,Good
"Ms. Marvel, Vol. 1: No Normal (Ms. Marvel (2014-2015) #1)",39.39,Sequential Art,4,History / Psychology / Human Stories,True,Mid,Mid-High,Very Good
"Hawkeye, Vol. 1: My Life as a Weapon (Hawkeye #1)",45.24,Sequential Art,3,History / Psychology / Human Stories,True,Upper-Mid,Mid-High,Good
"Giant Days, Vol. 1 (Giant Days #1-4)",56.76,Sequential Art,4,History / Psychology / Human Stories,True,Upper-Mid,Most Expensive,Very Good
"Fruits Basket, Vol. 1 (Fruits Basket #1)",40.28,Sequential Art,5,History / Psychology / Human Stories,True,Mid,Mid-High,Excellent
"Bleach, Vol. 1: Strawberry and the Soul Reapers (Bleach #1)",34.65,Sequential Art,5,History / Psychology / Human Stories,True,Mid,Mid-Low,Excellent
"Ajin: Demi-Human, Volume 1 (Ajin: Demi-Human #1)",57.06,Sequential Art,4,History / Psychology / Human Stories,True,Upper-Mid,Most Expensive,Very Good
The Secret Garden,15.08,Classics,4,Arts / Philosophy / Spiritual,True,Lower-Mid,Cheapest,Very Good
The Metamorphosis,28.58,Classics,1,Arts / Philosophy / Spiritual,True,Lower-Mid,Mid-Low,Poor
The Pilgrim's Progress,50.26,Classics,2,Arts / Philosophy / Spiritual,True,Upper-Mid,Most Expensive,Average
The Hound of the Baskervilles (Sherlock Holmes #5),14.82,Classics,2,Arts / Philosophy / Spiritual,True,Low,Cheapest,Average
Little Women (Little Women #1),28.07,Classics,4,Arts / Philosophy / Spiritual,True,Lower-Mid,Mid-Low,Very Good
Gone with the Wind,32.49,Classics,3,Arts / Philosophy / Spiritual,True,Mid,Mid-Low,Good
Candide,58.63,Classics,3,Arts / Philosophy / Spiritual,True,Upper-Mid,Most Expensive,Good
Animal Farm,57.22,Classics,3,Arts / Philosophy / Spiritual,True,Upper-Mid,Most Expensive,Good
Wuthering Heights,17.73,Classics,3,Arts / Philosophy / Spiritual,True,Lower-Mid,Cheapest,Good
The Picture of Dorian Gray,29.7,Classics,2,Arts / Philosophy / Spiritual,True,Lower-Mid,Mid-Low,Average
The Complete Stories and Poems (The Works of Edgar Allan Poe [Cameo Edition]),26.78,Classics,4,Arts / Philosophy / Spiritual,True,Lower-Mid,Mid-Low,Very Good
Beowulf,38.35,Classics,2,Arts / Philosophy / Spiritual,True,Mid,Mid-High,Average
And Then There Were None,35.01,Classics,2,Arts / Philosophy / Spiritual,True,Mid,Mid-Low,Average
The Story of Hong Gildong,43.19,Classics,4,Arts / Philosophy / Spiritual,True,Mid,Mid-High,Very Good
The Little Prince,45.42,Classics,2,Arts / Philosophy / Spiritual,True,Upper-Mid,Mid-High,Average
Sense and Sensibility,37.46,Classics,1,Arts / Philosophy / Spiritual,True,Mid,Mid-High,Poor
Of Mice and Men,47.11,Classics,2,Arts / Philosophy / Spiritual,True,Upper-Mid,Mid-High,Average
Emma,32.93,Classics,2,Arts / Philosophy / Spiritual,True,Mid,Mid-Low,Average
Alice in Wonderland (Alice's Adventures in Wonderland #1),55.53,Classics,1,Arts / Philosophy / Spiritual,True,Upper-Mid,Most Expensive,Poor
Sophie's World,15.94,Philosophy,5,Arts / Philosophy / Spiritual,True,Lower-Mid,Cheapest,Excellent
The Death of Humanity: and the Case for Life,58.11,Philosophy,4,Arts / Philosophy / Spiritual,True,Upper-Mid,Most Expensive,Very Good
The Stranger,17.44,Philosophy,4,Arts / Philosophy / Spiritual,True,Lower-Mid,Cheapest,Very Good
Proofs of God: Classical Arguments from Tertullian to Barth,54.21,Philosophy,1,Arts / Philosophy / Spiritual,True,Upper-Mid,Most Expensive,Poor
Kierkegaard: A Christian Missionary to Christians,47.13,Philosophy,1,Arts / Philosophy / Spiritual,True,Upper-Mid,Mid-High,Poor
"At The Existentialist Caf: Freedom, Being, and apricot cocktails with: Jean-Paul Sartre, Simone de Beauvoir, Albert Camus, Martin Heidegger, Edmund Husserl, Karl Jaspers, Maurice Merleau-Ponty and others",29.93,Philosophy,5,Arts / Philosophy / Spiritual,True,Lower-Mid,Mid-Low,Excellent
Critique of Pure Reason,20.75,Philosophy,1,Arts / Philosophy / Spiritual,True,Lower-Mid,Cheapest,Poor
"Run, Spot, Run: The Ethics of Keeping Pets",20.02,Philosophy,1,Arts / Philosophy / Spiritual,True,Lower-Mid,Cheapest,Poor
The Nicomachean Ethics,36.34,Philosophy,1,Arts / Philosophy / Spiritual,True,Mid,Mid-High,Poor
Meditations,25.89,Philosophy,2,Arts / Philosophy / Spiritual,True,Lower-Mid,Mid-Low,Average
Beyond Good and Evil,43.38,Philosophy,1,Arts / Philosophy / Spiritual,True,Mid,Mid-High,Poor
Chase Me (Paris Nights #2),25.27,Romance,5,Romance,True,Lower-Mid,Mid-Low,Excellent
Black Dust,34.53,Romance,5,Romance,True,Mid,Mid-Low,Excellent
Her Backup Boyfriend (The Sorensen Family #1),33.97,Romance,1,Romance,True,Mid,Mid-Low,Poor
First and First (Five Boroughs #3),15.97,Romance,4,Romance,True,Lower-Mid,Cheapest,Very Good
Fifty Shades Darker (Fifty Shades #2),21.96,Romance,1,Romance,True,Lower-Mid,Cheapest,Poor
The Wedding Dress,24.12,Romance,1,Romance,True,Lower-Mid,Mid-Low,Poor
Suddenly in Love (Lake Haven #1),55.99,Romance,2,Romance,True,Upper-Mid,Most Expensive,Average
Something More Than This,16.24,Romance,4,Romance,True,Lower-Mid,Cheapest,Very Good
Doing It Over (Most Likely To #1),35.61,Romance,3,Romance,True,Mid,Mid-Low,Good
The Wedding Pact (The O'Malleys #2),32.61,Romance,3,Romance,True,Mid,Mid-Low,Good
Hold Your Breath (Search and Rescue #1),28.82,Romance,1,Romance,True,Lower-Mid,Mid-Low,Poor
Dirty (Dive Bar #1),40.83,Romance,4,Romance,True,Mid,Mid-High,Very Good
Take Me Home Tonight (Rock Star Romance #3),53.98,Romance,3,Romance,True,Upper-Mid,Most Expensive,Good
Off the Hook (Fishing for Trouble #1),47.67,Romance,3,Romance,True,Upper-Mid,Mid-High,Good
A Gentleman's Position (Society of Gentlemen #3),14.75,Romance,5,Romance,True,Low,Cheapest,Excellent
"Sit, Stay, Love",20.9,Romance,3,Romance,True,Lower-Mid,Cheapest,Good
A Girl's Guide to Moving On (New Beginnings #2),31.3,Romance,1,Romance,True,Mid,Mid-Low,Poor
The Perfect Play (Play by Play #1),59.99,Romance,3,Romance,True,Upper-Mid,Most Expensive,Good
Dark Lover (Black Dagger Brotherhood #1),12.87,Romance,1,Romance,True,Low,Cheapest,Poor
Changing the Game (Play by Play #2),13.38,Romance,3,Romance,True,Low,Cheapest,Good
A Walk to Remember,56.43,Romance,1,Romance,True,Upper-Mid,Most Expensive,Poor
The Purest Hook (Second Circle Tattoos #3),12.25,Romance,1,Romance,True,Low,Cheapest,Poor
The Obsession,45.43,Romance,1,Romance,True,Upper-Mid,Mid-High,Poor
Reservations for Two,11.1,Romance,3,Romance,True,Low,Cheapest,Good
Best of My Love (Fool's Gold #20),27.41,Romance,2,Romance,True,Lower-Mid,Mid-Low,Average
Where Lightning Strikes (Bleeding Stars #3),39.77,Romance,3,Romance,True,Mid,Mid-High,Good
This One Moment (Pushing Limits #1),48.71,Romance,1,Romance,True,Upper-Mid,Most Expensive,Poor
"Rhythm, Chord & Malykhin",28.34,Romance,2,Romance,True,Lower-Mid,Mid-Low,Average
My Perfect Mistake (Over the Top #1),38.92,Romance,2,Romance,True,Mid,Mid-High,Average
Listen to Me (Fusion #1),58.99,Romance,3,Romance,True,Upper-Mid,Most Expensive,Good
Imperfect Harmony,34.74,Romance,4,Romance,True,Mid,Mid-Low,Very Good
Fighting Fate (Fighting #6),39.24,Romance,3,Romance,True,Mid,Mid-High,Good
Deep Under (Walker Security #1),47.09,Romance,5,Romance,True,Upper-Mid,Mid-High,Excellent
Charity's Cross (Charles Towne Belles #4),41.24,Romance,1,Romance,True,Mid,Mid-High,Poor
Bounty (Colorado Mountain #7),37.26,Romance,4,Romance,True,Mid,Mid-High,Very Good
I Had a Nice Time And Other Lies...: How to find love & sh*t like that,57.36,Womens Fiction,4,Core Fiction,True,Upper-Mid,Most Expensive,Very Good
Will You Won't You Want Me?,13.86,Womens Fiction,3,Core Fiction,True,Low,Cheapest,Good
Keep Me Posted,20.46,Womens Fiction,4,Core Fiction,True,Lower-Mid,Cheapest,Very Good
Grey (Fifty Shades #4),48.49,Womens Fiction,4,Core Fiction,True,Upper-Mid,Most Expensive,Very Good
Meternity,43.58,Womens Fiction,3,Core Fiction,True,Mid,Mid-High,Good
Some Women,13.73,Womens Fiction,5,Core Fiction,True,Low,Cheapest,Excellent
Shopaholic Ties the Knot (Shopaholic #3),48.39,Womens Fiction,5,Core Fiction,True,Upper-Mid,Most Expensive,Excellent
Can You Keep a Secret?,21.94,Womens Fiction,1,Core Fiction,True,Lower-Mid,Cheapest,Poor
Twenties Girl,42.8,Womens Fiction,2,Core Fiction,True,Mid,Mid-High,Average
The Undomestic Goddess,45.75,Womens Fiction,4,Core Fiction,True,Upper-Mid,Mid-High,Very Good
The Nanny Diaries (Nanny #1),52.53,Womens Fiction,5,Core Fiction,True,Upper-Mid,Most Expensive,Excellent
The Devil Wears Prada (The Devil Wears Prada #1),44.29,Womens Fiction,1,Core Fiction,True,Mid,Mid-High,Poor
Something Borrowed (Darcy & Rachel #1),48.96,Womens Fiction,5,Core Fiction,True,Upper-Mid,Most Expensive,Excellent
Something Blue (Darcy & Rachel #2),54.62,Womens Fiction,1,Core Fiction,True,Upper-Mid,Most Expensive,Poor
I've Got Your Number,19.69,Womens Fiction,1,Core Fiction,True,Lower-Mid,Cheapest,Poor
The Edge of Reason (Bridget Jones #2),19.18,Womens Fiction,4,Core Fiction,True,Lower-Mid,Cheapest,Very Good
Bridget Jones's Diary (Bridget Jones #1),29.82,Womens Fiction,1,Core Fiction,True,Lower-Mid,Mid-Low,Poor
Soumission,50.1,Fiction,1,Core Fiction,True,Upper-Mid,Most Expensive,Poor
Private Paris (Private #10),47.61,Fiction,5,Core Fiction,True,Upper-Mid,Mid-High,Excellent
"We Love You, Charlie Freeman",50.27,Fiction,5,Core Fiction,True,Upper-Mid,Most Expensive,Excellent
Thirst,17.27,Fiction,5,Core Fiction,True,Lower-Mid,Cheapest,Excellent
The Murder That Never Was (Forensic Instincts #5),54.11,Fiction,3,Core Fiction,True,Upper-Mid,Most Expensive,Good
Tuesday Nights in 1980,21.04,Fiction,2,Core Fiction,True,Lower-Mid,Cheapest,Average
The Vacationers,42.15,Fiction,4,Core Fiction,True,Mid,Mid-High,Very Good
The Regional Office Is Under Attack!,51.36,Fiction,5,Core Fiction,True,Upper-Mid,Most Expensive,Excellent
Finders Keepers (Bill Hodges Trilogy #2),53.53,Fiction,5,Core Fiction,True,Upper-Mid,Most Expensive,Excellent
The Time Keeper,27.88,Fiction,5,Core Fiction,True,Lower-Mid,Mid-Low,Excellent
The Testament of Mary,52.67,Fiction,4,Core Fiction,True,Upper-Mid,Most Expensive,Very Good
The First Hostage (J.B. Collins #2),25.85,Fiction,3,Core Fiction,True,Lower-Mid,Mid-Low,Good
Take Me with You,45.21,Fiction,3,Core Fiction,True,Upper-Mid,Mid-High,Good
Still Life with Bread Crumbs,26.41,Fiction,3,Core Fiction,True,Lower-Mid,Mid-Low,Good
Shtum,55.84,Fiction,4,Core Fiction,True,Upper-Mid,Most Expensive,Very Good
My Name Is Lucy Barton,41.56,Fiction,1,Core Fiction,True,Mid,Mid-High,Poor
My Mrs. Brown,24.48,Fiction,3,Core Fiction,True,Lower-Mid,Mid-Low,Good
Mr. Mercedes (Bill Hodges Trilogy #1),28.9,Fiction,1,Core Fiction,True,Lower-Mid,Mid-Low,Poor
I Am Pilgrim (Pilgrim #1),10.6,Fiction,4,Core Fiction,True,Low,Cheapest,Very Good
Eligible (The Austen Project #4),27.09,Fiction,3,Core Fiction,True,Lower-Mid,Mid-Low,Good
Eight Hundred Grapes,14.39,Fiction,4,Core Fiction,True,Low,Cheapest,Very Good
Dear Mr. Knightley,11.21,Fiction,5,Core Fiction,True,Low,Cheapest,Excellent
Cometh the Hour (The Clifton Chronicles #6),25.01,Fiction,3,Core Fiction,True,Lower-Mid,Mid-Low,Good
Balloon Animals,17.03,Fiction,3,Core Fiction,True,Lower-Mid,Cheapest,Good
A Man Called Ove,39.72,Fiction,1,Core Fiction,True,Mid,Mid-High,Poor
The Silent Sister (Riley MacPherson #1),46.29,Fiction,5,Core Fiction,True,Upper-Mid,Mid-High,Excellent
The Dinner Party,56.54,Fiction,2,Core Fiction,True,Upper-Mid,Most Expensive,Average
The Improbability of Love,59.45,Fiction,1,Core Fiction,True,Upper-Mid,Most Expensive,Poor
Mothering Sunday,13.34,Fiction,2,Core Fiction,True,Low,Cheapest,Average
Lies and Other Acts of Love,45.14,Fiction,1,Core Fiction,True,Upper-Mid,Mid-High,Poor
Daredevils,16.34,Fiction,3,Core Fiction,True,Lower-Mid,Cheapest,Good
11/22/63,48.48,Fiction,3,Core Fiction,True,Upper-Mid,Most Expensive,Good
The Shack,28.03,Fiction,1,Core Fiction,True,Lower-Mid,Mid-Low,Poor
The High Mountains of Portugal,51.15,Fiction,1,Core Fiction,True,Upper-Mid,Most Expensive,Poor
Miller's Valley,58.54,Fiction,2,Core Fiction,True,Upper-Mid,Most Expensive,Average
Hystopia: A Novel,21.96,Fiction,4,Core Fiction,True,Lower-Mid,Cheapest,Very Good
The Bourne Identity (Jason Bourne #1),42.78,Fiction,4,Core Fiction,True,Mid,Mid-High,Very Good
Sister Dear,40.2,Fiction,4,Core Fiction,True,Mid,Mid-High,Very Good
Memoirs of a Geisha,49.67,Fiction,3,Core Fiction,True,Upper-Mid,Most Expensive,Good
Me Before You (Me Before You #1),19.02,Fiction,1,Core Fiction,True,Lower-Mid,Cheapest,Poor
Deception Point,40.32,Fiction,4,Core Fiction,True,Mid,Mid-High,Very Good
The Little Paris Bookshop,24.73,Fiction,3,Core Fiction,True,Lower-Mid,Mid-Low,Good
The Firm,45.56,Fiction,3,Core Fiction,True,Upper-Mid,Mid-High,Good
The Expatriates,44.58,Fiction,2,Core Fiction,True,Mid,Mid-High,Average
Siddhartha,34.22,Fiction,5,Core Fiction,True,Mid,Mid-Low,Excellent
Last One Home (New Beginnings #1),59.98,Fiction,3,Core Fiction,True,Upper-Mid,Most Expensive,Good
Digital Fortress,58.0,Fiction,5,Core Fiction,True,Upper-Mid,Most Expensive,Excellent
Atlas Shrugged,26.58,Fiction,5,Core Fiction,True,Lower-Mid,Mid-Low,Excellent
Three-Martini Lunch,23.21,Fiction,3,Core Fiction,True,Lower-Mid,Mid-Low,Good
The Nightingale,26.26,Fiction,4,Core Fiction,True,Lower-Mid,Mid-Low,Very Good
The Infinities,27.41,Fiction,1,Core Fiction,True,Lower-Mid,Mid-Low,Poor
The Husband's Secret,52.51,Fiction,5,Core Fiction,True,Upper-Mid,Most Expensive,Excellent
The Da Vinci Code (Robert Langdon #2),22.96,Fiction,2,Core Fiction,True,Lower-Mid,Mid-Low,Average
The Art of Fielding,22.1,Fiction,1,Core Fiction,True,Lower-Mid,Cheapest,Poor
Lila (Gilead #3),12.47,Fiction,3,Core Fiction,True,Low,Cheapest,Good
Jurassic Park (Jurassic Park #1),44.97,Fiction,1,Core Fiction,True,Mid,Mid-High,Poor
Inferno (Robert Langdon #4),41.0,Fiction,5,Core Fiction,True,Mid,Mid-High,Excellent
Crazy Rich Asians (Crazy Rich Asians #1),49.13,Fiction,5,Core Fiction,True,Upper-Mid,Most Expensive,Excellent
Big Little Lies,22.11,Fiction,1,Core Fiction,True,Lower-Mid,Cheapest,Poor
The Course of Love,16.78,Fiction,3,Core Fiction,True,Lower-Mid,Cheapest,Good
When I'm Gone,51.96,Fiction,3,Core Fiction,True,Upper-Mid,Most Expensive,Good
The Silent Wife,12.34,Fiction,5,Core Fiction,True,Low,Cheapest,Excellent
The Bette Davis Club,30.66,Fiction,3,Core Fiction,True,Mid,Mid-Low,Good
Kitchens of the Great Midwest,57.2,Fiction,5,Core Fiction,True,Upper-Mid,Most Expensive,Excellent
Bright Lines,39.07,Fiction,5,Core Fiction,True,Mid,Mid-High,Excellent
Birdsong: A Story in Pictures,54.64,Childrens,3,Children,True,Upper-Mid,Most Expensive,Good
The Bear and the Piano,36.89,Childrens,1,Children,True,Mid,Mid-High,Poor
The Secret of Dreadwillow Carse,56.13,Childrens,1,Children,True,Upper-Mid,Most Expensive,Poor
The White Cat and the Monk: A Retelling of the Poem Pangur Bn,58.08,Childrens,4,Children,True,Upper-Mid,Most Expensive,Very Good
Little Red,13.47,Childrens,3,Children,True,Low,Cheapest,Good
Walt Disney's Alice in Wonderland,12.96,Childrens,5,Children,True,Low,Cheapest,Excellent
Twenty Yawns,22.08,Childrens,2,Children,True,Lower-Mid,Cheapest,Average
Rain Fish,23.57,Childrens,3,Children,True,Lower-Mid,Mid-Low,Good
Once Was a Time,18.28,Childrens,2,Children,True,Lower-Mid,Cheapest,Average
Luis Paints the World,53.95,Childrens,3,Children,True,Upper-Mid,Most Expensive,Good
Nap-a-Roo,25.08,Childrens,1,Children,True,Lower-Mid,Mid-Low,Poor
The Whale,35.96,Childrens,4,Children,True,Mid,Mid-High,Very Good
"Shrunken Treasures: Literary Classics, Short, Sweet, and Silly",52.87,Childrens,3,Children,True,Upper-Mid,Most Expensive,Good
Raymie Nightingale,34.41,Childrens,2,Children,True,Mid,Mid-Low,Average
Playing from the Heart,32.38,Childrens,1,Children,True,Mid,Mid-Low,Poor
Maybe Something Beautiful: How Art Transformed a Neighborhood,22.54,Childrens,1,Children,True,Lower-Mid,Mid-Low,Poor
The Wild Robot,56.07,Childrens,3,Children,True,Upper-Mid,Most Expensive,Good
The Thing About Jellyfish,48.77,Childrens,1,Children,True,Upper-Mid,Most Expensive,Poor
The Lonely Ones,43.59,Childrens,5,Children,True,Mid,Mid-High,Excellent
The Day the Crayons Came Home (Crayons),26.33,Childrens,5,Children,True,Lower-Mid,Mid-Low,Excellent
The Cat in the Hat (Beginner Books B-1),16.26,Childrens,2,Children,True,Lower-Mid,Cheapest,Average
Red: The True Story of Red Riding Hood,28.54,Childrens,3,Children,True,Lower-Mid,Mid-Low,Good
Horrible Bear!,37.52,Childrens,2,Children,True,Mid,Mid-High,Average
Green Eggs and Ham (Beginner Books B-16),10.79,Childrens,4,Children,True,Low,Cheapest,Very Good
Counting Thyme,10.62,Childrens,1,Children,True,Low,Cheapest,Poor
Are We There Yet?,10.66,Childrens,3,Children,True,Low,Cheapest,Good
Diary of a Minecraft Zombie Book 1: A Scare of a Dare (An Unofficial Minecraft Book),52.88,Childrens,4,Children,True,Upper-Mid,Most Expensive,Very Good
Matilda,28.34,Childrens,1,Children,True,Lower-Mid,Mid-Low,Poor
Charlie and the Chocolate Factory (Charlie Bucket #1),22.85,Childrens,3,Children,True,Lower-Mid,Mid-Low,Good
"Don't Be a Jerk: And Other Practical Advice from Dogen, Japan's Greatest Zen Master",37.97,Religion,2,Arts / Philosophy / Spiritual,True,Mid,Mid-High,Average
You Are What You Love: The Spiritual Power of Habit,21.87,Religion,4,Arts / Philosophy / Spiritual,True,Lower-Mid,Cheapest,Very Good
God: The Most Unpleasant Character in All Fiction,30.03,Religion,5,Arts / Philosophy / Spiritual,True,Mid,Mid-Low,Excellent
The Book of Mormon,24.57,Religion,3,Arts / Philosophy / Spiritual,True,Lower-Mid,Mid-Low,Good
"A History of God: The 4,000-Year Quest of Judaism, Christianity, and Islam",27.62,Religion,1,Arts / Philosophy / Spiritual,True,Lower-Mid,Mid-Low,Poor
The Bhagavad Gita,57.49,Religion,3,Arts / Philosophy / Spiritual,True,Upper-Mid,Most Expensive,Good
Choosing Our Religion: The Spiritual Lives of America's Nones,28.42,Religion,4,Arts / Philosophy / Spiritual,True,Lower-Mid,Mid-Low,Very Good
Worlds Elsewhere: Journeys Around Shakespeares Globe,40.3,Nonfiction,5,Non-Fiction (General),True,Mid,Mid-High,Excellent
The Five Love Languages: How to Express Heartfelt Commitment to Your Mate,31.05,Nonfiction,3,Non-Fiction (General),True,Mid,Mid-Low,Good
Reasons to Stay Alive,26.41,Nonfiction,2,Non-Fiction (General),True,Lower-Mid,Mid-Low,Average
#HigherSelfie: Wake Up Your Life. Free Your Soul. Find Your Tribe.,23.11,Nonfiction,5,Non-Fiction (General),True,Lower-Mid,Mid-Low,Excellent
"Unseen City: The Majesty of Pigeons, the Discreet Charm of Snails & Other Wonders of the Urban Wilderness",44.18,Nonfiction,4,Non-Fiction (General),True,Mid,Mid-High,Very Good
Throwing Rocks at the Google Bus: How Growth Became the Enemy of Prosperity,31.12,Nonfiction,3,Non-Fiction (General),True,Mid,Mid-Low,Good
The Life-Changing Magic of Tidying Up: The Japanese Art of Decluttering and Organizing,16.77,Nonfiction,3,Non-Fiction (General),True,Lower-Mid,Cheapest,Good
The Gutsy Girl: Escapades for Your Life of Epic Adventure,37.13,Nonfiction,1,Non-Fiction (General),True,Mid,Mid-High,Poor
The Electric Pencil: Drawings from Inside State Hospital No. 3,56.06,Nonfiction,1,Non-Fiction (General),True,Upper-Mid,Most Expensive,Poor
Spark Joy: An Illustrated Master Class on the Art of Organizing and Tidying Up,41.83,Nonfiction,4,Non-Fiction (General),True,Mid,Mid-High,Very Good
Reskilling America: Learning to Labor in the Twenty-First Century,19.83,Nonfiction,2,Non-Fiction (General),True,Lower-Mid,Cheapest,Average
In the Country We Love: My Family Divided,22.0,Nonfiction,4,Non-Fiction (General),True,Lower-Mid,Cheapest,Very Good
Everydata: The Misinformation Hidden in the Little Data You Consume Every Day,54.35,Nonfiction,2,Non-Fiction (General),True,Upper-Mid,Most Expensive,Average
Call the Nurse: True Stories of a Country Nurse on a Scottish Isle,29.14,Nonfiction,5,Non-Fiction (General),True,Lower-Mid,Mid-Low,Excellent
Algorithms to Live By: The Computer Science of Human Decisions,30.81,Nonfiction,1,Non-Fiction (General),True,Mid,Mid-Low,Poor
The Power of Now: A Guide to Spiritual Enlightenment,43.54,Nonfiction,2,Non-Fiction (General),True,Mid,Mid-High,Average
The Omnivore's Dilemma: A Natural History of Four Meals,38.21,Nonfiction,2,Non-Fiction (General),True,Mid,Mid-High,Average
The Genius of Birds,17.24,Nonfiction,1,Non-Fiction (General),True,Lower-Mid,Cheapest,Poor
The Artist's Way: A Spiritual Path to Higher Creativity,38.49,Nonfiction,5,Non-Fiction (General),True,Mid,Mid-High,Excellent
So You've Been Publicly Shamed,12.23,Nonfiction,2,Non-Fiction (General),True,Low,Cheapest,Average
"Daring Greatly: How the Courage to Be Vulnerable Transforms the Way We Live, Love, Parent, and Lead",19.43,Nonfiction,3,Non-Fiction (General),True,Lower-Mid,Cheapest,Good
Big Magic: Creative Living Beyond Fear,30.8,Nonfiction,3,Non-Fiction (General),True,Mid,Mid-Low,Good
Becoming Wise: An Inquiry into the Mystery and Art of Living,27.43,Nonfiction,2,Non-Fiction (General),True,Lower-Mid,Mid-Low,Average
Agnostic: A Spirited Manifesto,12.51,Nonfiction,5,Non-Fiction (General),True,Low,Cheapest,Excellent
Whole Lotta Creativity Going On: 60 Fun and Unusual Exercises to Awaken and Strengthen Your Creativity,38.2,Nonfiction,4,Non-Fiction (General),True,Mid,Mid-High,Very Good
What's It Like in Space?: Stories from Astronauts Who've Been There,19.6,Nonfiction,2,Non-Fiction (General),True,Lower-Mid,Cheapest,Average
The Year of Magical Thinking,43.04,Nonfiction,2,Non-Fiction (General),True,Mid,Mid-High,Average
The Literature Book (Big Ideas Simply Explained),17.43,Nonfiction,3,Non-Fiction (General),True,Lower-Mid,Cheapest,Good
The Bad-Ass Librarians of Timbuktu: And Their Race to Save the Worlds Most Precious Manuscripts,15.77,Nonfiction,1,Non-Fiction (General),True,Lower-Mid,Cheapest,Poor
Swell: A Year of Waves,45.58,Nonfiction,1,Non-Fiction (General),True,Upper-Mid,Mid-High,Poor
No Dream Is Too High: Life Lessons From a Man Who Walked on the Moon,21.95,Nonfiction,2,Non-Fiction (General),True,Lower-Mid,Cheapest,Average
Looking for Lovely: Collecting the Moments that Matter,29.14,Nonfiction,5,Non-Fiction (General),True,Lower-Mid,Mid-Low,Excellent
Let It Out: A Journey Through Journaling,26.79,Nonfiction,5,Non-Fiction (General),True,Lower-Mid,Mid-Low,Excellent
Hamilton: The Revolution,58.79,Nonfiction,3,Non-Fiction (General),True,Upper-Mid,Most Expensive,Good
"Far & Away: Places on the Brink of Change: Seven Continents, Twenty-Five Years",15.06,Nonfiction,4,Non-Fiction (General),True,Lower-Mid,Cheapest,Very Good
"Eaternity: More than 150 Deliciously Easy Vegan Recipes for a Long, Healthy, Satisfied, Joyful Life",51.75,Nonfiction,5,Non-Fiction (General),True,Upper-Mid,Most Expensive,Excellent
Buying In: The Secret Dialogue Between What We Buy and Who We Are,37.8,Nonfiction,4,Non-Fiction (General),True,Mid,Mid-High,Very Good
Brain on Fire: My Month of Madness,49.32,Nonfiction,5,Non-Fiction (General),True,Upper-Mid,Most Expensive,Excellent
Abstract City,56.37,Nonfiction,5,Non-Fiction (General),True,Upper-Mid,Most Expensive,Excellent
13 Hours: The Inside Account of What Really Happened In Benghazi,27.06,Nonfiction,1,Non-Fiction (General),True,Lower-Mid,Mid-Low,Poor
The Lonely City: Adventures in the Art of Being Alone,33.26,Nonfiction,2,Non-Fiction (General),True,Mid,Mid-Low,Average
The Diary of a Young Girl,59.9,Nonfiction,3,Non-Fiction (General),True,Upper-Mid,Most Expensive,Good
Snatched: How A Drug Queen Went Undercover for the DEA and Was Kidnapped By Colombian Guerillas,21.21,Nonfiction,3,Non-Fiction (General),True,Lower-Mid,Cheapest,Good
Furiously Happy: A Funny Book About Horrible Things,41.46,Nonfiction,4,Non-Fiction (General),True,Mid,Mid-High,Very Good
"The Sleep Revolution: Transforming Your Life, One Night at a Time",11.68,Nonfiction,4,Non-Fiction (General),True,Low,Cheapest,Very Good
"Mother, Can You Not?",16.89,Nonfiction,5,Non-Fiction (General),True,Lower-Mid,Cheapest,Excellent
A Mother's Reckoning: Living in the Aftermath of Tragedy,19.53,Nonfiction,3,Non-Fiction (General),True,Lower-Mid,Cheapest,Good
"10% Happier: How I Tamed the Voice in My Head, Reduced Stress Without Losing My Edge, and Found Self-Help That Actually Works",24.57,Nonfiction,2,Non-Fiction (General),True,Lower-Mid,Mid-Low,Average
Chernobyl 01:23:40: The Incredible True Story of the World's Worst Nuclear Disaster,35.92,Nonfiction,2,Non-Fiction (General),True,Mid,Mid-Low,Average
"Zero to One: Notes on Startups, or How to Build the Future",34.06,Nonfiction,3,Non-Fiction (General),True,Mid,Mid-Low,Good
Why Not Me?,17.76,Nonfiction,1,Non-Fiction (General),True,Lower-Mid,Cheapest,Poor
When Breath Becomes Air,39.36,Nonfiction,2,Non-Fiction (General),True,Mid,Mid-High,Average
"The Midnight Assassin: Panic, Scandal, and the Hunt for America's First Serial Killer",28.45,Nonfiction,4,Non-Fiction (General),True,Lower-Mid,Mid-Low,Very Good
Smarter Faster Better: The Secrets of Being Productive in Life and Business,38.89,Nonfiction,5,Non-Fiction (General),True,Mid,Mid-High,Excellent
Rising Strong,21.82,Nonfiction,3,Non-Fiction (General),True,Lower-Mid,Cheapest,Good
Man's Search for Meaning,29.48,Nonfiction,3,Non-Fiction (General),True,Lower-Mid,Mid-Low,Good
"Love That Boy: What Two Presidents, Eight Road Trips, and My Son Taught Me About a Parent's Expectations",25.06,Nonfiction,2,Non-Fiction (General),True,Lower-Mid,Mid-Low,Average
Living Forward: A Proven Plan to Stop Drifting and Get the Life You Want,12.55,Nonfiction,3,Non-Fiction (General),True,Low,Cheapest,Good
I Will Find You,44.21,Nonfiction,1,Non-Fiction (General),True,Mid,Mid-High,Poor
Brazen: The Courage to Find the You That's Been Hiding,19.22,Nonfiction,2,Non-Fiction (General),True,Lower-Mid,Cheapest,Average
Between the World and Me,56.91,Nonfiction,4,Non-Fiction (General),True,Upper-Mid,Most Expensive,Very Good
Being Mortal: Medicine and What Matters in the End,55.06,Nonfiction,4,Non-Fiction (General),True,Upper-Mid,Most Expensive,Very Good
"A Murder Over a Girl: Justice, Gender, Junior High",13.2,Nonfiction,3,Non-Fiction (General),True,Low,Cheapest,Good
For the Love: Fighting for Grace in a World of Impossible Standards,45.13,Nonfiction,3,Non-Fiction (General),True,Upper-Mid,Mid-High,Good
Finding God in the Ruins: How God Redeems Pain,46.64,Nonfiction,2,Non-Fiction (General),True,Upper-Mid,Mid-High,Average
The Man Who Mistook His Wife for a Hat and Other Clinical Tales,59.45,Nonfiction,4,Non-Fiction (General),True,Upper-Mid,Most Expensive,Very Good
In Cold Blood,49.98,Nonfiction,4,Non-Fiction (General),True,Upper-Mid,Most Expensive,Very Good
"Girl, Interrupted",42.14,Nonfiction,3,Non-Fiction (General),True,Mid,Mid-High,Good
Why Save the Bankers?: And Other Essays on Our Economic and Political Crisis,48.67,Nonfiction,2,Non-Fiction (General),True,Upper-Mid,Most Expensive,Average
Talking to Girls About Duran Duran: One Young Man's Quest for True Love and a Cooler Haircut,25.15,Nonfiction,4,Non-Fiction (General),True,Lower-Mid,Mid-Low,Very Good
My Mother Was Nuts,31.63,Nonfiction,4,Non-Fiction (General),True,Mid,Mid-Low,Very Good
"Data, A Love Story: How I Gamed Online Dating to Meet My Match",32.35,Nonfiction,3,Non-Fiction (General),True,Mid,Mid-Low,Good
The Jazz of Physics: The Secret Link Between Music and the Structure of the Universe,38.71,Nonfiction,3,Non-Fiction (General),True,Mid,Mid-High,Good
The Gunning of America: Business and the Making of American Gun Culture,16.81,Nonfiction,4,Non-Fiction (General),True,Lower-Mid,Cheapest,Very Good
The Geography of Bliss: One Grump's Search for the Happiest Places in the World,28.23,Nonfiction,2,Non-Fiction (General),True,Lower-Mid,Mid-Low,Average
God Is Not Great: How Religion Poisons Everything,27.8,Nonfiction,1,Non-Fiction (General),True,Lower-Mid,Mid-Low,Poor
We the People: The Modern-Day Figures Who Have Reshaped and Affirmed the Founding Fathers' Vision of America,31.95,Nonfiction,3,Non-Fiction (General),True,Mid,Mid-Low,Good
Very Good Lives: The Fringe Benefits of Failure and the Importance of Imagination,50.66,Nonfiction,3,Non-Fiction (General),True,Upper-Mid,Most Expensive,Good
"Unstuffed: Decluttering Your Home, Mind, and Soul",58.09,Nonfiction,1,Non-Fiction (General),True,Upper-Mid,Most Expensive,Poor
Under the Banner of Heaven: A Story of Violent Faith,30.0,Nonfiction,1,Non-Fiction (General),True,Lower-Mid,Mid-Low,Poor
"Trespassing Across America: One Man's Epic, Never-Done-Before (and Sort of Illegal) Hike Across the Heartland",53.51,Nonfiction,1,Non-Fiction (General),True,Upper-Mid,Most Expensive,Poor
The Name of God is Mercy,37.25,Nonfiction,2,Non-Fiction (General),True,Mid,Mid-High,Average
Stiff: The Curious Lives of Human Cadavers,36.74,Nonfiction,3,Non-Fiction (General),True,Mid,Mid-High,Good
Spilled Milk: Based on a True Story,49.51,Nonfiction,1,Non-Fiction (General),True,Upper-Mid,Most Expensive,Poor
"Rise of the Rocket Girls: The Women Who Propelled Us, from Missiles to the Moon to Mars",41.67,Nonfiction,4,Non-Fiction (General),True,Mid,Mid-High,Very Good
Outliers: The Story of Success,14.16,Nonfiction,1,Non-Fiction (General),True,Low,Cheapest,Poor
Notes from a Small Island (Notes From a Small Island #1),40.17,Nonfiction,1,Non-Fiction (General),True,Mid,Mid-High,Poor
Night (The Night Trilogy #1),13.51,Nonfiction,1,Non-Fiction (General),True,Low,Cheapest,Poor
"Miracles from Heaven: A Little Girl, Her Journey to Heaven, and Her Amazing Story of Healing",57.83,Nonfiction,1,Non-Fiction (General),True,Upper-Mid,Most Expensive,Poor
Letter to a Christian Nation,22.2,Nonfiction,1,Non-Fiction (General),True,Lower-Mid,Mid-Low,Poor
Let's Pretend This Never Happened: A Mostly True Memoir,45.11,Nonfiction,1,Non-Fiction (General),True,Upper-Mid,Mid-High,Poor
It's Never Too Late to Begin Again: Discovering Creativity and Meaning at Midlife and Beyond,42.38,Nonfiction,1,Non-Fiction (General),True,Mid,Mid-High,Poor
Into the Wild,56.7,Nonfiction,5,Non-Fiction (General),True,Upper-Mid,Most Expensive,Excellent
"In the Garden of Beasts: Love, Terror, and an American Family in Hitler's Berlin",28.85,Nonfiction,3,Non-Fiction (General),True,Lower-Mid,Mid-Low,Good
I Am Malala: The Girl Who Stood Up for Education and Was Shot by the Taliban,28.88,Nonfiction,2,Non-Fiction (General),True,Lower-Mid,Mid-Low,Average
Gratitude,26.66,Nonfiction,5,Non-Fiction (General),True,Lower-Mid,Mid-Low,Excellent
Disrupted: My Misadventure in the Start-Up Bubble,15.28,Nonfiction,5,Non-Fiction (General),True,Lower-Mid,Cheapest,Excellent
Brave Enough,51.32,Nonfiction,5,Non-Fiction (General),True,Upper-Mid,Most Expensive,Excellent
"Born to Run: A Hidden Tribe, Superathletes, and the Greatest Race the World Has Never Seen",27.35,Nonfiction,2,Non-Fiction (General),True,Lower-Mid,Mid-Low,Average
Blink: The Power of Thinking Without Thinking,21.74,Nonfiction,5,Non-Fiction (General),True,Lower-Mid,Cheapest,Excellent
Black Flags: The Rise of ISIS,40.87,Nonfiction,1,Non-Fiction (General),True,Mid,Mid-High,Poor
Are We Smart Enough to Know How Smart Animals Are?,56.58,Nonfiction,1,Non-Fiction (General),True,Upper-Mid,Most Expensive,Poor
A Walk in the Woods: Rediscovering America on the Appalachian Trail,30.48,Nonfiction,4,Non-Fiction (General),True,Mid,Mid-Low,Very Good
"The Suffragettes (Little Black Classics, #96)",11.89,Nonfiction,2,Non-Fiction (General),True,Low,Cheapest,Average
Kindle Paperwhite User's Guide,34.0,Nonfiction,3,Non-Fiction (General),True,Mid,Mid-Low,Good
H is for Hawk,57.42,Nonfiction,5,Non-Fiction (General),True,Upper-Mid,Most Expensive,Excellent
Travels with Charley: In Search of America,57.82,Nonfiction,5,Non-Fiction (General),True,Upper-Mid,Most Expensive,Excellent
The Tumor,41.56,Nonfiction,5,Non-Fiction (General),True,Mid,Mid-High,Excellent
The End of the Jesus Era (An Investigation #1),14.4,Nonfiction,1,Non-Fiction (General),True,Low,Cheapest,Poor
"Eat, Pray, Love",51.32,Nonfiction,3,Non-Fiction (General),True,Upper-Mid,Most Expensive,Good
Rip it Up and Start Again,35.02,Music,5,Arts / Philosophy / Spiritual,True,Mid,Mid-Low,Excellent
"Our Band Could Be Your Life: Scenes from the American Indie Underground, 1981-1991",57.25,Music,3,Arts / Philosophy / Spiritual,True,Upper-Mid,Most Expensive,Good
How Music Works,37.32,Music,2,Arts / Philosophy / Spiritual,True,Mid,Mid-High,Average
Love Is a Mix Tape (Music #1),18.03,Music,1,Arts / Philosophy / Spiritual,True,Lower-Mid,Cheapest,Poor
Please Kill Me: The Uncensored Oral History of Punk,31.19,Music,4,Arts / Philosophy / Spiritual,True,Mid,Mid-Low,Very Good
Kill 'Em and Leave: Searching for James Brown and the American Soul,45.05,Music,5,Arts / Philosophy / Spiritual,True,Upper-Mid,Mid-High,Excellent
"Chronicles, Vol. 1",52.6,Music,2,Arts / Philosophy / Spiritual,True,Upper-Mid,Most Expensive,Average
This Is Your Brain on Music: The Science of a Human Obsession,38.4,Music,1,Arts / Philosophy / Spiritual,True,Mid,Mid-High,Poor
"Orchestra of Exiles: The Story of Bronislaw Huberman, the Israel Philharmonic, and the One Thousand Jews He Saved from Nazi Horrors",12.36,Music,3,Arts / Philosophy / Spiritual,True,Low,Cheapest,Good
No One Here Gets Out Alive,20.02,Music,5,Arts / Philosophy / Spiritual,True,Lower-Mid,Cheapest,Excellent
Life,31.58,Music,5,Arts / Philosophy / Spiritual,True,Mid,Mid-Low,Excellent
Old Records Never Die: One Man's Quest for His Vinyl and His Past,55.66,Music,2,Arts / Philosophy / Spiritual,True,Upper-Mid,Most Expensive,Average
Forever Rockers (The Rocker #12),28.8,Music,3,Arts / Philosophy / Spiritual,True,Lower-Mid,Mid-Low,Good
Mesaerion: The Best Science Fiction Stories 1800-1849,37.59,Science Fiction,1,Core Fiction,True,Mid,Mid-High,Poor
Join,35.67,Science Fiction,5,Core Fiction,True,Mid,Mid-Low,Excellent
"William Shakespeare's Star Wars: Verily, A New Hope (William Shakespeare's Star Wars #4)",43.3,Science Fiction,4,Core Fiction,True,Mid,Mid-High,Very Good
The Project,10.65,Science Fiction,1,Core Fiction,True,Low,Cheapest,Poor
Soft Apocalypse,26.12,Science Fiction,2,Core Fiction,True,Lower-Mid,Mid-Low,Average
Sleeping Giants (Themis Files #1),48.74,Science Fiction,1,Core Fiction,True,Upper-Mid,Most Expensive,Poor
Arena,21.36,Science Fiction,4,Core Fiction,True,Lower-Mid,Cheapest,Very Good
Foundation (Foundation (Publication Order) #1),32.42,Science Fiction,1,Core Fiction,True,Mid,Mid-Low,Poor
The Restaurant at the End of the Universe (Hitchhiker's Guide to the Galaxy #2),10.92,Science Fiction,1,Core Fiction,True,Low,Cheapest,Poor
Ready Player One,19.07,Science Fiction,4,Core Fiction,True,Lower-Mid,Cheapest,Very Good
"Life, the Universe and Everything (Hitchhiker's Guide to the Galaxy #3)",33.26,Science Fiction,2,Core Fiction,True,Mid,Mid-Low,Average
Dune (Dune #1),54.86,Science Fiction,1,Core Fiction,True,Upper-Mid,Most Expensive,Poor
Do Androids Dream of Electric Sheep? (Blade Runner #1),51.48,Science Fiction,1,Core Fiction,True,Upper-Mid,Most Expensive,Poor
Three Wishes (River of Time: California #1),44.18,Science Fiction,2,Core Fiction,True,Mid,Mid-High,Average
The Last Girl (The Dominion Trilogy #1),36.26,Science Fiction,2,Core Fiction,True,Mid,Mid-High,Average
Having the Barbarian's Baby (Ice Planet Barbarians #7.5),34.96,Science Fiction,4,Core Fiction,True,Mid,Mid-Low,Very Good
The Book of Basketball: The NBA According to The Sports Guy,44.84,Sports And Games,5,Lifestyle & Light Reads,True,Mid,Mid-High,Excellent
"Friday Night Lights: A Town, a Team, and a Dream",51.22,Sports And Games,3,Lifestyle & Light Reads,True,Upper-Mid,Most Expensive,Good
Sugar Rush (Offensive Line #2),24.42,Sports And Games,1,Lifestyle & Light Reads,True,Lower-Mid,Mid-Low,Poor
Settling the Score (The Summer Games #1),44.91,Sports And Games,2,Lifestyle & Light Reads,True,Mid,Mid-High,Average
Icing (Aces Hockey #2),40.44,Sports And Games,4,Lifestyle & Light Reads,True,Mid,Mid-High,Very Good
Unicorn Tracks,18.78,Fantasy,3,Speculative / Intense Fiction,True,Lower-Mid,Cheapest,Good
"Saga, Volume 6 (Saga (Collected Editions) #6)",25.02,Fantasy,3,Speculative / Intense Fiction,True,Lower-Mid,Mid-Low,Good
Princess Between Worlds (Wide-Awake Princess #5),13.34,Fantasy,5,Speculative / Intense Fiction,True,Low,Cheapest,Excellent
Masks and Shadows,56.4,Fantasy,2,Speculative / Intense Fiction,True,Upper-Mid,Most Expensive,Average
Crown of Midnight (Throne of Glass #2),43.29,Fantasy,3,Speculative / Intense Fiction,True,Mid,Mid-High,Good
"Avatar: The Last Airbender: Smoke and Shadow, Part 3 (Smoke and Shadow #3)",28.09,Fantasy,2,Speculative / Intense Fiction,True,Lower-Mid,Mid-Low,Average
A Court of Thorns and Roses (A Court of Thorns and Roses #1),52.37,Fantasy,1,Speculative / Intense Fiction,True,Upper-Mid,Most Expensive,Poor
Throne of Glass (Throne of Glass #1),35.07,Fantasy,3,Speculative / Intense Fiction,True,Mid,Mid-Low,Good
The Glittering Court (The Glittering Court #1),44.28,Fantasy,1,Speculative / Intense Fiction,True,Mid,Mid-High,Poor
Hollow City (Miss Peregrines Peculiar Children #2),42.98,Fantasy,1,Speculative / Intense Fiction,True,Mid,Mid-High,Poor
The Star-Touched Queen,46.02,Fantasy,5,Speculative / Intense Fiction,True,Upper-Mid,Mid-High,Excellent
The Hidden Oracle (The Trials of Apollo #1),52.26,Fantasy,2,Speculative / Intense Fiction,True,Upper-Mid,Most Expensive,Average
The Bane Chronicles (The Bane Chronicles #1-11),44.73,Fantasy,4,Speculative / Intense Fiction,True,Mid,Mid-High,Very Good
Island of Dragons (Unwanteds #7),29.65,Fantasy,1,Speculative / Intense Fiction,True,Lower-Mid,Mid-Low,Poor
Demigods & Magicians: Percy and Annabeth Meet the Kanes (Percy Jackson & Kane Chronicles Crossover #1-3),37.51,Fantasy,5,Speculative / Intense Fiction,True,Mid,Mid-High,Excellent
City of Glass (The Mortal Instruments #3),56.02,Fantasy,4,Speculative / Intense Fiction,True,Upper-Mid,Most Expensive,Very Good
Searching for Meaning in Gailana,38.73,Fantasy,1,Speculative / Intense Fiction,True,Mid,Mid-High,Poor
A Shard of Ice (The Black Symphony Saga #1),56.63,Fantasy,3,Speculative / Intense Fiction,True,Upper-Mid,Most Expensive,Good
King's Folly (The Kinsman Chronicles #1),39.61,Fantasy,5,Speculative / Intense Fiction,True,Mid,Mid-High,Excellent
Every Heart a Doorway (Every Heart A Doorway #1),12.16,Fantasy,5,Speculative / Intense Fiction,True,Low,Cheapest,Excellent
A Gathering of Shadows (Shades of Magic #2),44.81,Fantasy,4,Speculative / Intense Fiction,True,Mid,Mid-High,Very Good
The Raven Boys (The Raven Cycle #1),57.74,Fantasy,4,Speculative / Intense Fiction,True,Upper-Mid,Most Expensive,Very Good
The False Prince (The Ascendance Trilogy #1),56.0,Fantasy,5,Speculative / Intense Fiction,True,Upper-Mid,Most Expensive,Excellent
Tell the Wind and Fire,45.51,Fantasy,3,Speculative / Intense Fiction,True,Upper-Mid,Mid-High,Good
A Feast for Crows (A Song of Ice and Fire #4),17.21,Fantasy,4,Speculative / Intense Fiction,True,Lower-Mid,Cheapest,Very Good
The Demonists (Demonist #1),52.11,Fantasy,2,Speculative / Intense Fiction,True,Upper-Mid,Most Expensive,Average
The Beast (Black Dagger Brotherhood #14),46.08,Fantasy,5,Speculative / Intense Fiction,True,Upper-Mid,Mid-High,Excellent
Paper and Fire (The Great Library #2),49.45,Fantasy,5,Speculative / Intense Fiction,True,Upper-Mid,Most Expensive,Excellent
Harry Potter and the Order of the Phoenix (Harry Potter #5),31.63,Fantasy,4,Speculative / Intense Fiction,True,Mid,Mid-Low,Very Good
Harry Potter and the Half-Blood Prince (Harry Potter #6),48.75,Fantasy,5,Speculative / Intense Fiction,True,Upper-Mid,Most Expensive,Excellent
Harry Potter and the Chamber of Secrets (Harry Potter #2),14.74,Fantasy,1,Speculative / Intense Fiction,True,Low,Cheapest,Poor
The Rose & the Dagger (The Wrath and the Dawn #2),58.64,Fantasy,4,Speculative / Intense Fiction,True,Upper-Mid,Most Expensive,Very Good
Soldier (Talon #3),24.72,Fantasy,2,Speculative / Intense Fiction,True,Lower-Mid,Mid-Low,Average
Midnight Riot (Peter Grant/ Rivers of London - books #1),55.46,Fantasy,2,Speculative / Intense Fiction,True,Upper-Mid,Most Expensive,Average
Heir to the Sky,44.07,Fantasy,4,Speculative / Intense Fiction,True,Mid,Mid-High,Very Good
Eragon (The Inheritance Cycle #1),43.87,Fantasy,3,Speculative / Intense Fiction,True,Mid,Mid-High,Good
Darkfever (Fever #1),56.02,Fantasy,1,Speculative / Intense Fiction,True,Upper-Mid,Most Expensive,Poor
Ash,22.06,Fantasy,4,Speculative / Intense Fiction,True,Lower-Mid,Cheapest,Very Good
A Storm of Swords (A Song of Ice and Fire #3),31.22,Fantasy,2,Speculative / Intense Fiction,True,Mid,Mid-Low,Average
Vampire Girl (Vampire Girl #1),53.82,Fantasy,2,Speculative / Intense Fiction,True,Upper-Mid,Most Expensive,Average
The Silent Twin (Detective Jennifer Knight #3),36.25,Fantasy,3,Speculative / Intense Fiction,True,Mid,Mid-High,Good
The Mirror & the Maze (The Wrath and the Dawn #1.5),29.38,Fantasy,1,Speculative / Intense Fiction,True,Lower-Mid,Mid-Low,Poor
Sister Sable (The Mad Queen #1),13.33,Fantasy,3,Speculative / Intense Fiction,True,Low,Cheapest,Good
Shadow Rites (Jane Yellowrock #10),21.72,Fantasy,4,Speculative / Intense Fiction,True,Lower-Mid,Cheapest,Very Good
Origins (Alphas 0.5),28.99,Fantasy,1,Speculative / Intense Fiction,True,Lower-Mid,Mid-Low,Poor
One Second (Seven #7),52.94,Fantasy,2,Speculative / Intense Fiction,True,Upper-Mid,Most Expensive,Average
Myriad (Prentor #1),58.75,Fantasy,4,Speculative / Intense Fiction,True,Upper-Mid,Most Expensive,Very Good
Without Borders (Wanderlove #1),45.07,New Adult,2,Young Adult / New Adult,True,Upper-Mid,Mid-High,Average
The Mistake (Off-Campus #2),43.29,New Adult,3,Young Adult / New Adult,True,Mid,Mid-High,Good
The Matchmaker's Playbook (Wingmen Inc. #1),55.85,New Adult,1,Young Adult / New Adult,True,Upper-Mid,Most Expensive,Poor
The Hook Up (Game On #1),36.29,New Adult,5,Young Adult / New Adult,True,Mid,Mid-High,Excellent
Shameless,58.35,New Adult,3,Young Adult / New Adult,True,Upper-Mid,Most Expensive,Good
Off Sides (Off #1),39.45,New Adult,5,Young Adult / New Adult,True,Mid,Mid-High,Excellent
The Requiem Red,22.65,Young Adult,1,Young Adult / New Adult,True,Lower-Mid,Mid-Low,Poor
Set Me Free,17.46,Young Adult,5,Young Adult / New Adult,True,Lower-Mid,Cheapest,Excellent
The Natural History of Us (The Fine Art of Pretending #2),45.22,Young Adult,3,Young Adult / New Adult,True,Upper-Mid,Mid-High,Good
Obsidian (Lux #1),14.86,Young Adult,2,Young Adult / New Adult,True,Low,Cheapest,Average
Burning,28.81,Young Adult,3,Young Adult / New Adult,True,Lower-Mid,Mid-Low,Good
A Fierce and Subtle Poison,28.13,Young Adult,4,Young Adult / New Adult,True,Lower-Mid,Mid-Low,Very Good
Scarlett Epstein Hates It Here,43.55,Young Adult,5,Young Adult / New Adult,True,Mid,Mid-High,Excellent
"Nightingale, Sing",38.28,Young Adult,1,Young Adult / New Adult,True,Mid,Mid-High,Poor
Library of Souls (Miss Peregrines Peculiar Children #3),48.56,Young Adult,5,Young Adult / New Adult,True,Upper-Mid,Most Expensive,Excellent
Frostbite (Vampire Academy #2),29.99,Young Adult,5,Young Adult / New Adult,True,Lower-Mid,Mid-Low,Excellent
Wild Swans,14.36,Young Adult,2,Young Adult / New Adult,True,Low,Cheapest,Average
Until Friday Night (The Field Party #1),46.31,Young Adult,2,Young Adult / New Adult,True,Upper-Mid,Mid-High,Average
This Is Where It Ends,27.12,Young Adult,2,Young Adult / New Adult,True,Lower-Mid,Mid-Low,Average
The Darkest Lie,35.35,Young Adult,5,Young Adult / New Adult,True,Mid,Mid-Low,Excellent
My Kind of Crazy,40.36,Young Adult,1,Young Adult / New Adult,True,Mid,Mid-High,Poor
Don't Get Caught,55.35,Young Adult,1,Young Adult / New Adult,True,Upper-Mid,Most Expensive,Poor
Catching Jordan (Hundred Oaks),50.83,Young Adult,3,Young Adult / New Adult,True,Upper-Mid,Most Expensive,Good
Aristotle and Dante Discover the Secrets of the Universe (Aristotle and Dante Discover the Secrets of the Universe #1),58.14,Young Adult,4,Young Adult / New Adult,True,Upper-Mid,Most Expensive,Very Good
The Epidemic (The Program 0.6),14.44,Young Adult,5,Young Adult / New Adult,True,Low,Cheapest,Excellent
Stars Above (The Lunar Chronicles #4.5),48.05,Young Adult,2,Young Adult / New Adult,True,Upper-Mid,Most Expensive,Average
No Love Allowed (Dodge Cove #1),54.65,Young Adult,4,Young Adult / New Adult,True,Upper-Mid,Most Expensive,Very Good
"Exit, Pursued by a Bear",51.34,Young Adult,4,Young Adult / New Adult,True,Upper-Mid,Most Expensive,Very Good
The Alien Club,54.4,Young Adult,1,Young Adult / New Adult,True,Upper-Mid,Most Expensive,Poor
Don't Forget Steven,33.23,Young Adult,1,Young Adult / New Adult,True,Mid,Mid-Low,Poor
South of Sunshine,28.93,Young Adult,1,Young Adult / New Adult,True,Lower-Mid,Mid-Low,Poor
My Life Next Door (My Life Next Door ),36.39,Young Adult,5,Young Adult / New Adult,True,Mid,Mid-High,Excellent
Future Shock (Future Shock #1),55.65,Young Adult,5,Young Adult / New Adult,True,Upper-Mid,Most Expensive,Excellent
Nightstruck: A Novel,50.35,Young Adult,4,Young Adult / New Adult,True,Upper-Mid,Most Expensive,Very Good
Tell the Wolves I'm Home,50.96,Young Adult,2,Young Adult / New Adult,True,Upper-Mid,Most Expensive,Average
"Will Grayson, Will Grayson (Will Grayson, Will Grayson)",47.31,Young Adult,4,Young Adult / New Adult,True,Upper-Mid,Mid-High,Very Good
Where She Went (If I Stay #2),41.73,Young Adult,4,Young Adult / New Adult,True,Mid,Mid-High,Very Good
Two Summers,14.64,Young Adult,1,Young Adult / New Adult,True,Low,Cheapest,Poor
The Darkest Corners,11.33,Young Adult,5,Young Adult / New Adult,True,Low,Cheapest,Excellent
Tell Me Three Things,41.81,Young Adult,1,Young Adult / New Adult,True,Mid,Mid-High,Poor
Lola and the Boy Next Door (Anna and the French Kiss #2),23.63,Young Adult,4,Young Adult / New Adult,True,Lower-Mid,Mid-Low,Very Good
Kill the Boy Band,15.52,Young Adult,5,Young Adult / New Adult,True,Lower-Mid,Cheapest,Excellent
Isla and the Happily Ever After (Anna and the French Kiss #3),48.13,Young Adult,5,Young Adult / New Adult,True,Upper-Mid,Most Expensive,Excellent
An Abundance of Katherines,10.0,Young Adult,5,Young Adult / New Adult,True,Low,Cheapest,Excellent
Harry Potter and the Prisoner of Azkaban (Harry Potter #3),24.17,Young Adult,4,Young Adult / New Adult,True,Lower-Mid,Mid-Low,Very Good
Walk the Edge (Thunder Road #2),32.36,Young Adult,3,Young Adult / New Adult,True,Mid,Mid-Low,Good
Two Boys Kissing,32.74,Young Adult,2,Young Adult / New Adult,True,Mid,Mid-Low,Average
The New Guy (and Other Senior Year Distractions),44.92,Young Adult,3,Young Adult / New Adult,True,Mid,Mid-High,Good
"The Land of 10,000 Madonnas",29.64,Young Adult,4,Young Adult / New Adult,True,Lower-Mid,Mid-Low,Very Good
Scarlet (The Lunar Chronicles #2),14.57,Young Adult,4,Young Adult / New Adult,True,Low,Cheapest,Very Good
Legend (Legend #1),43.69,Young Adult,4,Young Adult / New Adult,True,Mid,Mid-High,Very Good
Lady Renegades (Rebel Belle #3),53.04,Young Adult,5,Young Adult / New Adult,True,Upper-Mid,Most Expensive,Excellent
Golden (Heart of Dread #3),42.21,Young Adult,4,Young Adult / New Adult,True,Mid,Mid-High,Very Good
Cinder (The Lunar Chronicles #1),26.09,Young Adult,1,Young Adult / New Adult,True,Lower-Mid,Mid-Low,Poor
Boy Meets Boy,21.12,Young Adult,3,Young Adult / New Adult,True,Lower-Mid,Cheapest,Good
Annie on My Mind,36.83,Young Adult,5,Young Adult / New Adult,True,Mid,Mid-High,Excellent
New Moon (Twilight #2),12.86,Young Adult,4,Young Adult / New Adult,True,Low,Cheapest,Very Good
Girl Online On Tour (Girl Online #2),53.47,Young Adult,1,Young Adult / New Adult,True,Upper-Mid,Most Expensive,Poor
The Haters,27.89,Young Adult,5,Young Adult / New Adult,True,Lower-Mid,Mid-Low,Excellent
The Art of Not Breathing,40.83,Young Adult,4,Young Adult / New Adult,True,Mid,Mid-High,Very Good
The Most Perfect Thing: Inside (and Outside) a Bird's Egg,42.96,Science,4,Speculative / Intense Fiction,True,Mid,Mid-High,Very Good
Immunity: How Elie Metchnikoff Changed the Course of Modern Medicine,57.36,Science,5,Speculative / Intense Fiction,True,Upper-Mid,Most Expensive,Excellent
Sorting the Beef from the Bull: The Science of Food Fraud Forensics,44.74,Science,4,Speculative / Intense Fiction,True,Mid,Mid-High,Very Good
Tipping Point for Planet Earth: How Close Are We to the Edge?,37.55,Science,1,Speculative / Intense Fiction,True,Mid,Mid-High,Poor
"The Fabric of the Cosmos: Space, Time, and the Texture of Reality",55.91,Science,1,Speculative / Intense Fiction,True,Upper-Mid,Most Expensive,Poor
Diary of a Citizen Scientist: Chasing Tiger Beetles and Other New Ways of Engaging the World,28.41,Science,1,Speculative / Intense Fiction,True,Lower-Mid,Mid-Low,Poor
The Origin of Species,10.01,Science,4,Speculative / Intense Fiction,True,Low,Cheapest,Very Good
The Grand Design,13.76,Science,3,Speculative / Intense Fiction,True,Low,Cheapest,Good
Peak: Secrets from the New Science of Expertise,16.28,Science,2,Speculative / Intense Fiction,True,Lower-Mid,Cheapest,Average
"The Elegant Universe: Superstrings, Hidden Dimensions, and the Quest for the Ultimate Theory",13.03,Science,4,Speculative / Intense Fiction,True,Low,Cheapest,Very Good
"The Disappearing Spoon: And Other True Tales of Madness, Love, and the History of the World from the Periodic Table of the Elements",57.35,Science,5,Speculative / Intense Fiction,True,Upper-Mid,Most Expensive,Excellent
"Surely You're Joking, Mr. Feynman!: Adventures of a Curious Character",25.83,Science,2,Speculative / Intense Fiction,True,Lower-Mid,Mid-Low,Average
Seven Brief Lessons on Physics,30.6,Science,4,Speculative / Intense Fiction,True,Mid,Mid-Low,Very Good
The Selfish Gene,29.45,Science,1,Speculative / Intense Fiction,True,Lower-Mid,Mid-Low,Poor
A Light in the Attic,51.77,Poetry,3,Arts / Philosophy / Spiritual,True,Upper-Mid,Most Expensive,Good
The Black Maria,52.15,Poetry,1,Arts / Philosophy / Spiritual,True,Upper-Mid,Most Expensive,Poor
Shakespeare's Sonnets,20.66,Poetry,4,Arts / Philosophy / Spiritual,True,Lower-Mid,Cheapest,Very Good
Olio,23.88,Poetry,1,Arts / Philosophy / Spiritual,True,Lower-Mid,Mid-Low,Poor
You can't bury them all: Poems,33.63,Poetry,2,Arts / Philosophy / Spiritual,True,Mid,Mid-Low,Average
Slow States of Collapse: Poems,57.31,Poetry,3,Arts / Philosophy / Spiritual,True,Upper-Mid,Most Expensive,Good
Untitled Collection: Sabbath Poems 2014,14.27,Poetry,4,Arts / Philosophy / Spiritual,True,Low,Cheapest,Very Good
Poems That Make Grown Women Cry,14.19,Poetry,4,Arts / Philosophy / Spiritual,True,Low,Cheapest,Very Good
Night Sky with Exit Wounds,41.05,Poetry,1,Arts / Philosophy / Spiritual,True,Mid,Mid-High,Poor
salt.,46.78,Poetry,4,Arts / Philosophy / Spiritual,True,Upper-Mid,Mid-High,Very Good
"Quarter Life Poetry: Poems for the Young, Broke and Hangry",50.89,Poetry,5,Arts / Philosophy / Spiritual,True,Upper-Mid,Most Expensive,Excellent
Out of Print: City Lights Spotlight No. 14,53.64,Poetry,5,Arts / Philosophy / Spiritual,True,Upper-Mid,Most Expensive,Excellent
Les Fleurs du Mal,29.04,Poetry,5,Arts / Philosophy / Spiritual,True,Lower-Mid,Mid-Low,Excellent
Howl and Other Poems,40.45,Poetry,2,Arts / Philosophy / Spiritual,True,Mid,Mid-High,Average
Leave This Song Behind: Teen Poetry at Its Best,51.17,Poetry,5,Arts / Philosophy / Spiritual,True,Upper-Mid,Most Expensive,Excellent
The Collected Poems of W.B. Yeats (The Collected Works of W.B. Yeats #1),15.42,Poetry,5,Arts / Philosophy / Spiritual,True,Lower-Mid,Cheapest,Excellent
The Crossover,38.77,Poetry,4,Arts / Philosophy / Spiritual,True,Mid,Mid-High,Very Good
Booked,17.49,Poetry,5,Arts / Philosophy / Spiritual,True,Lower-Mid,Cheapest,Excellent
Twenty Love Poems and a Song of Despair,30.95,Poetry,4,Arts / Philosophy / Spiritual,True,Mid,Mid-Low,Very Good
"Vampire Knight, Vol. 1 (Vampire Knight #1)",15.4,Paranormal,1,Other,True,Lower-Mid,Cheapest,Poor
Wall and Piece,44.18,Art,4,Arts / Philosophy / Spiritual,True,Mid,Mid-High,Very Good
Feathers: Displays of Brilliant Plumage,49.05,Art,3,Arts / Philosophy / Spiritual,True,Upper-Mid,Most Expensive,Good
Art and Fear: Observations on the Perils (and Rewards) of Artmaking,48.63,Art,4,Arts / Philosophy / Spiritual,True,Upper-Mid,Most Expensive,Very Good
The New Drawing on the Right Side of the Brain,43.02,Art,3,Arts / Philosophy / Spiritual,True,Mid,Mid-High,Good
History of Beauty,10.29,Art,4,Arts / Philosophy / Spiritual,True,Low,Cheapest,Very Good
The Story of Art,41.14,Art,4,Arts / Philosophy / Spiritual,True,Mid,Mid-High,Very Good
The Art Book,32.34,Art,2,Arts / Philosophy / Spiritual,True,Mid,Mid-Low,Average
Ways of Seeing,39.51,Art,5,Arts / Philosophy / Spiritual,True,Mid,Mid-High,Excellent
The Lucifer Effect: Understanding How Good People Turn Evil,10.4,Psychology,1,History / Psychology / Human Stories,True,Low,Cheapest,Poor
The Golden Condom: And Other Essays on Love Lost and Found,39.43,Psychology,1,History / Psychology / Human Stories,True,Mid,Mid-High,Poor
It Didn't Start with You: How Inherited Family Trauma Shapes Who We Are and How to End the Cycle,56.27,Psychology,3,History / Psychology / Human Stories,True,Upper-Mid,Most Expensive,Good
An Unquiet Mind: A Memoir of Moods and Madness,21.3,Psychology,3,History / Psychology / Human Stories,True,Lower-Mid,Cheapest,Good
"Thinking, Fast and Slow",21.14,Psychology,1,History / Psychology / Human Stories,True,Lower-Mid,Cheapest,Poor
Civilization and Its Discontents,59.95,Psychology,2,History / Psychology / Human Stories,True,Upper-Mid,Most Expensive,Average
8 Keys to Mental Health Through Exercise,31.04,Psychology,1,History / Psychology / Human Stories,True,Mid,Mid-Low,Poor
The Argonauts,10.93,Autobiography,2,History / Psychology / Human Stories,True,Low,Cheapest,Average
M Train,27.18,Autobiography,1,History / Psychology / Human Stories,True,Lower-Mid,Mid-Low,Poor
Lab Girl,40.85,Autobiography,1,History / Psychology / Human Stories,True,Mid,Mid-High,Poor
Approval Junkie: Adventures in Caring Too Much,58.81,Autobiography,5,History / Psychology / Human Stories,True,Upper-Mid,Most Expensive,Excellent
Running with Scissors,12.91,Autobiography,4,History / Psychology / Human Stories,True,Low,Cheapest,Very Good
Me Talk Pretty One Day,57.6,Autobiography,2,History / Psychology / Human Stories,True,Upper-Mid,Most Expensive,Average
Lust & Wonder,11.87,Autobiography,2,History / Psychology / Human Stories,True,Low,Cheapest,Average
Life Without a Recipe,59.04,Autobiography,5,History / Psychology / Human Stories,True,Upper-Mid,Most Expensive,Excellent
A Heartbreaking Work of Staggering Genius,54.29,Autobiography,5,History / Psychology / Human Stories,True,Upper-Mid,Most Expensive,Excellent
Catastrophic Happiness: Finding Joy in Childhood's Messy Years,37.35,Parenting,2,Other,True,Mid,Mid-High,Average
Fifty Shades Freed (Fifty Shades #3),15.36,Adult Fiction,5,Other,True,Lower-Mid,Cheapest,Excellent
The Long Haul (Diary of a Wimpy Kid #9),44.07,Humor,1,Lifestyle & Light Reads,True,Mid,Mid-High,Poor
Old School (Diary of a Wimpy Kid #10),11.83,Humor,5,Lifestyle & Light Reads,True,Low,Cheapest,Excellent
I Know What I'm Doing -- and Other Lies I Tell Myself: Dispatches from a Life Under Construction,25.98,Humor,4,Lifestyle & Light Reads,True,Lower-Mid,Mid-Low,Very Good
"Hyperbole and a Half: Unfortunate Situations, Flawed Coping Mechanisms, Mayhem, and Other Things That Happened",14.75,Humor,5,Lifestyle & Light Reads,True,Low,Cheapest,Excellent
Dress Your Family in Corduroy and Denim,43.68,Humor,3,Lifestyle & Light Reads,True,Mid,Mid-High,Good
Toddlers Are A**holes: It's Not Your Fault,25.55,Humor,1,Lifestyle & Light Reads,True,Lower-Mid,Mid-Low,Poor
When You Are Engulfed in Flames,30.89,Humor,5,Lifestyle & Light Reads,True,Mid,Mid-Low,Excellent
Naked,31.69,Humor,3,Lifestyle & Light Reads,True,Mid,Mid-Low,Good
"Lamb: The Gospel According to Biff, Christ's Childhood Pal",55.5,Humor,5,Lifestyle & Light Reads,True,Upper-Mid,Most Expensive,Excellent
Holidays on Ice,51.07,Humor,2,Lifestyle & Light Reads,True,Upper-Mid,Most Expensive,Average
Security,39.25,Horror,2,Speculative / Intense Fiction,True,Mid,Mid-High,Average
Follow You Home,21.36,Horror,1,Speculative / Intense Fiction,True,Lower-Mid,Cheapest,Poor
The Loney,23.4,Horror,1,Speculative / Intense Fiction,True,Lower-Mid,Mid-Low,Poor
Pet Sematary,10.56,Horror,3,Speculative / Intense Fiction,True,Low,Cheapest,Good
Doctor Sleep (The Shining #2),40.12,Horror,2,Speculative / Intense Fiction,True,Mid,Mid-High,Average
Psycho: Sanitarium (Psycho #1.5),36.97,Horror,5,Speculative / Intense Fiction,True,Mid,Mid-High,Excellent
Can You Keep a Secret? (Fear Street Relaunch #4),48.64,Horror,1,Speculative / Intense Fiction,True,Upper-Mid,Most Expensive,Poor
Red Dragon (Hannibal Lecter #1),23.37,Horror,3,Speculative / Intense Fiction,True,Lower-Mid,Mid-Low,Good
Dracula the Un-Dead,35.63,Horror,5,Speculative / Intense Fiction,True,Mid,Mid-Low,Excellent
Night Shift (Night Shift #1-20),12.75,Horror,4,Speculative / Intense Fiction,True,Low,Cheapest,Very Good
Needful Things,47.51,Horror,4,Speculative / Intense Fiction,True,Upper-Mid,Mid-High,Very Good
Misery,34.79,Horror,2,Speculative / Intense Fiction,True,Mid,Mid-Low,Average
It,25.01,Horror,3,Speculative / Intense Fiction,True,Lower-Mid,Mid-Low,Good
'Salem's Lot,49.56,Horror,4,Speculative / Intense Fiction,True,Upper-Mid,Most Expensive,Very Good
The Stand,57.86,Horror,2,Speculative / Intense Fiction,True,Upper-Mid,Most Expensive,Average
The Girl with All the Gifts,49.47,Horror,3,Speculative / Intense Fiction,True,Upper-Mid,Most Expensive,Good
House of Leaves,54.89,Horror,1,Speculative / Intense Fiction,True,Upper-Mid,Most Expensive,Poor
Sapiens: A Brief History of Humankind,54.23,History,5,History / Psychology / Human Stories,True,Upper-Mid,Most Expensive,Excellent
"Unbound: How Eight Technologies Made Us Human, Transformed Society, and Brought Our World to the Brink",25.52,History,1,History / Psychology / Human Stories,True,Lower-Mid,Mid-Low,Poor
The Age of Genius: The Seventeenth Century and the Birth of the Modern Mind,19.73,History,1,History / Psychology / Human Stories,True,Lower-Mid,Cheapest,Poor
"Political Suicide: Missteps, Peccadilloes, Bad Calls, Backroom Hijinx, Sordid Pasts, Rotten Breaks, and Just Plain Dumb Mistakes in the Annals of American Politics",36.28,History,2,History / Psychology / Human Stories,True,Mid,Mid-High,Average
Thomas Jefferson and the Tripoli Pirates: The Forgotten War That Changed American History,59.64,History,1,History / Psychology / Human Stories,True,Upper-Mid,Most Expensive,Poor
Zealot: The Life and Times of Jesus of Nazareth,24.7,History,3,History / Psychology / Human Stories,True,Lower-Mid,Mid-Low,Good
A Distant Mirror: The Calamitous 14th Century,14.58,History,3,History / Psychology / Human Stories,True,Low,Cheapest,Good
1491: New Revelations of the Americas Before Columbus,21.8,History,3,History / Psychology / Human Stories,True,Lower-Mid,Cheapest,Good
Brilliant Beacons: A History of the American Lighthouse,11.45,History,3,History / Psychology / Human Stories,True,Low,Cheapest,Good
Most Blessed of the Patriarchs: Thomas Jefferson and the Empire of the Imagination,44.48,History,5,History / Psychology / Human Stories,True,Mid,Mid-High,Excellent
A Short History of Nearly Everything,52.4,History,5,History / Psychology / Human Stories,True,Upper-Mid,Most Expensive,Excellent
The Rise and Fall of the Third Reich: A History of Nazi Germany,39.67,History,2,History / Psychology / Human Stories,True,Mid,Mid-High,Average
Catherine the Great: Portrait of a Woman,58.55,History,4,History / Psychology / Human Stories,True,Upper-Mid,Most Expensive,Very Good
The Mathews Men: Seven Brothers and the War Against Hitler's U-boats,42.91,History,5,History / Psychology / Human Stories,True,Mid,Mid-High,Excellent
The Hiding Place,55.91,History,4,History / Psychology / Human Stories,True,Upper-Mid,Most Expensive,Very Good
America's War for the Greater Middle East: A Military History,51.22,History,2,History / Psychology / Human Stories,True,Upper-Mid,Most Expensive,Average
The Guns of August,14.54,History,2,History / Psychology / Human Stories,True,Low,Cheapest,Average
"House of Lost Worlds: Dinosaurs, Dynasties, and the Story of Life on Earth",43.7,History,2,History / Psychology / Human Stories,True,Mid,Mid-High,Average
"Foolproof Preserving: A Guide to Small Batch Jams, Jellies, Pickles, Condiments, and More: A Foolproof Guide to Making Small Batch Jams, Jellies, Pickles, Condiments, and More",30.52,Food And Drink,3,Lifestyle & Light Reads,True,Mid,Mid-Low,Good
"The Pioneer Woman Cooks: Dinnertime: Comfort Classics, Freezer Food, 16-Minute Meals, and Other Delicious Ways to Solve Supper!",56.41,Food And Drink,1,Lifestyle & Light Reads,True,Upper-Mid,Most Expensive,Poor
My Paris Kitchen: Recipes and Stories,33.37,Food And Drink,2,Lifestyle & Light Reads,True,Mid,Mid-Low,Average
"Mama Tried: Traditional Italian Cooking for the Screwed, Crude, Vegan, and Tattooed",14.02,Food And Drink,4,Lifestyle & Light Reads,True,Low,Cheapest,Very Good
"Layered: Baking, Building, and Styling Spectacular Cakes",40.11,Food And Drink,1,Lifestyle & Light Reads,True,Mid,Mid-High,Poor
The Nerdy Nummies Cookbook: Sweet Treats for the Geek in All of Us,37.34,Food And Drink,5,Lifestyle & Light Reads,True,Mid,Mid-High,Excellent
The Love and Lemons Cookbook: An Apple-to-Zucchini Celebration of Impromptu Cooking,37.6,Food And Drink,2,Lifestyle & Light Reads,True,Mid,Mid-High,Average
The Cookies & Cups Cookbook: 125+ sweet & savory recipes reminding you to Always Eat Dessert First,41.25,Food And Drink,1,Lifestyle & Light Reads,True,Mid,Mid-High,Poor
"Deliciously Ella Every Day: Quick and Easy Recipes for Gluten-Free Snacks, Packed Lunches, and Simple Meals",42.16,Food And Drink,3,Lifestyle & Light Reads,True,Mid,Mid-High,Good
The Help Yourself Cookbook for Kids: 60 Easy Plant-Based Recipes Kids Can Make to Stay Healthy and Save the Earth,28.77,Food And Drink,3,Lifestyle & Light Reads,True,Lower-Mid,Mid-Low,Good
"It's All Easy: Healthy, Delicious Weeknight Meals in under 30 Minutes",19.55,Food And Drink,1,Lifestyle & Light Reads,True,Lower-Mid,Cheapest,Poor
Barefoot Contessa Back to Basics,28.01,Food And Drink,1,Lifestyle & Light Reads,True,Lower-Mid,Mid-Low,Poor
Barefoot Contessa at Home: Everyday Recipes You'll Make Over and Over Again,50.62,Food And Drink,5,Lifestyle & Light Reads,True,Upper-Mid,Most Expensive,Excellent
My Kitchen Year: 136 Recipes That Saved My Life,11.53,Food And Drink,2,Lifestyle & Light Reads,True,Low,Cheapest,Average
Everyday Italian: 125 Simple and Delicious Recipes,20.1,Food And Drink,5,Lifestyle & Light Reads,True,Lower-Mid,Cheapest,Excellent
"A la Mode: 120 Recipes in 60 Pairings: Pies, Tarts, Cakes, Crisps, and More Topped with Ice Cream, Gelato, Frozen Custard, and More",38.77,Food And Drink,1,Lifestyle & Light Reads,True,Mid,Mid-High,Poor
Cravings: Recipes for What You Want to Eat,20.5,Food And Drink,3,Lifestyle & Light Reads,True,Lower-Mid,Cheapest,Good
"The Moosewood Cookbook: Recipes from Moosewood Restaurant, Ithaca, New York",12.34,Food And Drink,4,Lifestyle & Light Reads,True,Low,Cheapest,Very Good
32 Yolks,53.63,Food And Drink,2,Lifestyle & Light Reads,True,Upper-Mid,Most Expensive,Average
"Naturally Lean: 125 Nourishing Gluten-Free, Plant-Based Recipes--All Under 300 Calories",11.38,Food And Drink,5,Lifestyle & Light Reads,True,Low,Cheapest,Excellent
How to Cook Everything Vegetarian: Simple Meatless Recipes for Great Food (How to Cook Everything),46.01,Food And Drink,4,Lifestyle & Light Reads,True,Upper-Mid,Mid-High,Very Good
How to Be a Domestic Goddess: Baking and the Art of Comfort Cooking,28.25,Food And Drink,2,Lifestyle & Light Reads,True,Lower-Mid,Mid-Low,Average
The Barefoot Contessa Cookbook,59.92,Food And Drink,5,Lifestyle & Light Reads,True,Upper-Mid,Most Expensive,Excellent
Better Homes and Gardens New Cook Book,39.61,Food And Drink,3,Lifestyle & Light Reads,True,Mid,Mid-High,Good
The Power Greens Cookbook: 140 Delicious Superfood Recipes,11.05,Food And Drink,5,Lifestyle & Light Reads,True,Low,Cheapest,Excellent
Mexican Today: New and Rediscovered Recipes for Contemporary Kitchens,24.91,Food And Drink,5,Lifestyle & Light Reads,True,Lower-Mid,Mid-Low,Excellent
Vegan Vegetarian Omnivore: Dinner for Everyone at the Table,13.66,Food And Drink,2,Lifestyle & Light Reads,True,Low,Cheapest,Average
The Smitten Kitchen Cookbook,23.59,Food And Drink,1,Lifestyle & Light Reads,True,Lower-Mid,Mid-Low,Poor
"The Art of Simple Food: Notes, Lessons, and Recipes from a Delicious Revolution",34.32,Food And Drink,3,Lifestyle & Light Reads,True,Mid,Mid-Low,Good
Hungry Girl Clean & Hungry: Easy All-Natural Recipes for Healthy Eating in the Real World,33.14,Food And Drink,3,Lifestyle & Light Reads,True,Mid,Mid-Low,Good
Redeeming Love,20.47,Christian Fiction,5,Core Fiction,True,Lower-Mid,Cheapest,Excellent
Close to You,49.46,Christian Fiction,4,Core Fiction,True,Upper-Mid,Most Expensive,Very Good
Shadows of the Past (Logan Point #1),39.67,Christian Fiction,5,Core Fiction,True,Mid,Mid-High,Excellent
Like Never Before (Walker Family #2),28.77,Christian Fiction,2,Core Fiction,True,Lower-Mid,Mid-Low,Average
Counted With the Stars (Out from Egypt #1),17.97,Christian Fiction,5,Core Fiction,True,Lower-Mid,Cheapest,Excellent
If I Run (If I Run #1),49.97,Christian Fiction,4,Core Fiction,True,Upper-Mid,Most Expensive,Very Good
The Dirty Little Secrets of Getting Your Dream Job,33.34,Business,4,Non-Fiction (General),True,Mid,Mid-Low,Very Good
The Third Wave: An Entrepreneurs Vision of the Future,12.61,Business,5,Non-Fiction (General),True,Low,Cheapest,Excellent
The 10% Entrepreneur: Live Your Startup Dream Without Quitting Your Day Job,27.55,Business,3,Non-Fiction (General),True,Lower-Mid,Mid-Low,Good
Shoe Dog: A Memoir by the Creator of NIKE,23.99,Business,2,Non-Fiction (General),True,Lower-Mid,Mid-Low,Average
Made to Stick: Why Some Ideas Survive and Others Die,38.85,Business,5,Non-Fiction (General),True,Mid,Mid-High,Excellent
Quench Your Own Thirst: Business Lessons Learned Over a Beer or Two,43.14,Business,1,Non-Fiction (General),True,Mid,Mid-High,Poor
The Art of Startup Fundraising,21.0,Business,3,Non-Fiction (General),True,Lower-Mid,Cheapest,Good
Born for This: How to Find the Work You Were Meant to Do,21.59,Business,5,Non-Fiction (General),True,Lower-Mid,Cheapest,Excellent
The E-Myth Revisited: Why Most Small Businesses Don't Work and What to Do About It,36.91,Business,1,Non-Fiction (General),True,Mid,Mid-High,Poor
"Rich Dad, Poor Dad",51.74,Business,1,Non-Fiction (General),True,Upper-Mid,Most Expensive,Poor
The Lean Startup: How Today's Entrepreneurs Use Continuous Innovation to Create Radically Successful Businesses,33.92,Business,3,Non-Fiction (General),True,Mid,Mid-Low,Good
Rework,44.88,Business,2,Non-Fiction (General),True,Mid,Mid-High,Average
Louisa: The Extraordinary Life of Mrs. Adams,16.85,Biography,2,Non-Fiction (General),True,Lower-Mid,Cheapest,Average
"Setting the World on Fire: The Brief, Astonishing Life of St. Catherine of Siena",21.15,Biography,2,Non-Fiction (General),True,Lower-Mid,Cheapest,Average
The Faith of Christopher Hitchens: The Restless Soul of the World's Most Notorious Atheist,39.55,Biography,1,Non-Fiction (General),True,Mid,Mid-High,Poor
Benjamin Franklin: An American Life,48.19,Biography,3,Non-Fiction (General),True,Upper-Mid,Most Expensive,Good
The Rise of Theodore Roosevelt (Theodore Roosevelt #1),42.57,Biography,3,Non-Fiction (General),True,Mid,Mid-High,Good
In Her Wake,12.84,Thriller,1,Speculative / Intense Fiction,True,Low,Cheapest,Poor
The Elephant Tree,23.82,Thriller,5,Speculative / Intense Fiction,True,Lower-Mid,Mid-Low,Excellent
Behind Closed Doors,52.22,Thriller,4,Speculative / Intense Fiction,True,Upper-Mid,Most Expensive,Very Good
You (You #1),43.61,Thriller,5,Speculative / Intense Fiction,True,Mid,Mid-High,Excellent
The Guilty (Will Robie #4),13.82,Thriller,2,Speculative / Intense Fiction,True,Low,Cheapest,Average
The 14th Colony (Cotton Malone #11),39.24,Thriller,1,Speculative / Intense Fiction,True,Mid,Mid-High,Poor
Give It Back,18.32,Thriller,2,Speculative / Intense Fiction,True,Lower-Mid,Cheapest,Average
Killing Floor (Jack Reacher #1),31.49,Thriller,4,Speculative / Intense Fiction,True,Mid,Mid-Low,Very Good
The Bone Hunters (Lexy Vaughan & Steven Macaulay #2),59.71,Thriller,3,Speculative / Intense Fiction,True,Upper-Mid,Most Expensive,Good
Far From True (Promise Falls Trilogy #2),34.93,Thriller,2,Speculative / Intense Fiction,True,Mid,Mid-Low,Average
The Travelers,15.77,Thriller,1,Speculative / Intense Fiction,True,Lower-Mid,Cheapest,Poor
When We Collided,31.77,Contemporary,1,Other,True,Mid,Mid-Low,Poor
Someone Like You (The Harrisons #2),52.79,Contemporary,5,Other,True,Upper-Mid,Most Expensive,Excellent
We Are All Completely Beside Ourselves,24.04,Contemporary,1,Other,True,Lower-Mid,Mid-Low,Poor
The Four Agreements: A Practical Guide to Personal Freedom,17.66,Spirituality,5,Arts / Philosophy / Spiritual,True,Lower-Mid,Cheapest,Excellent
The Activist's Tao Te Ching: Ancient Advice for a Modern Revolution,32.24,Spirituality,5,Arts / Philosophy / Spiritual,True,Mid,Mid-Low,Excellent
Chasing Heaven: What Dying Taught Me About Living,37.8,Spirituality,2,Arts / Philosophy / Spiritual,True,Mid,Mid-High,Average
If I Gave You God's Phone Number....: Searching for Spirituality in America,20.91,Spirituality,1,Arts / Philosophy / Spiritual,True,Lower-Mid,Cheapest,Poor
Unreasonable Hope: Finding Faith in the God Who Brings Purpose to Your Pain,46.33,Spirituality,2,Arts / Philosophy / Spiritual,True,Upper-Mid,Mid-High,Average
A New Earth: Awakening to Your Life's Purpose,55.65,Spirituality,5,Arts / Philosophy / Spiritual,True,Upper-Mid,Most Expensive,Excellent
Logan Kade (Fallen Crest High #5.5),13.12,Academic,2,Other,True,Low,Cheapest,Average
Online Marketing for Busy Authors: A Step-By-Step Guide,46.35,Self Help,1,History / Psychology / Human Stories,True,Upper-Mid,Mid-High,Poor
How to Be Miserable: 40 Strategies You Already Use,46.03,Self Help,1,History / Psychology / Human Stories,True,Upper-Mid,Mid-High,Poor
"Overload: How to Unplug, Unwind, and Unleash Yourself from the Pressure of Stress",52.15,Self Help,3,History / Psychology / Human Stories,True,Upper-Mid,Most Expensive,Good
You Are a Badass: How to Stop Doubting Your Greatness and Start Living an Awesome Life,12.08,Self Help,3,History / Psychology / Human Stories,True,Low,Cheapest,Good
How to Stop Worrying and Start Living,46.49,Self Help,5,History / Psychology / Human Stories,True,Upper-Mid,Mid-High,Excellent
All the Light We Cannot See,29.87,Historical,5,Other,True,Lower-Mid,Mid-Low,Excellent
The Girl You Left Behind (The Girl You Left Behind #1),15.79,Historical,1,Other,True,Lower-Mid,Cheapest,Poor
(Un)Qualified: How God Uses Broken People to Do Big Things,54.0,Christian,5,Other,True,Upper-Mid,Most Expensive,Excellent
Crazy Love: Overwhelmed by a Relentless God,47.72,Christian,2,Other,True,Upper-Mid,Mid-High,Average
Blue Like Jazz: Nonreligious Thoughts on Christian Spirituality,25.77,Christian,1,Other,True,Lower-Mid,Mid-Low,Poor
Silence in the Dark (Logan Point #4),58.33,Suspense,3,Other,True,Upper-Mid,Most Expensive,Good
The Grownup,35.88,Short Stories,1,Other,True,Mid,Mid-Low,Poor
Suzie Snowflake: One beautiful flake (a self-esteem story),54.81,Novels,5,Other,True,Upper-Mid,Most Expensive,Excellent
"The Bulletproof Diet: Lose up to a Pound a Day, Reclaim Energy and Focus, Upgrade Your Life",49.05,Health,3,Lifestyle & Light Reads,True,Upper-Mid,Most Expensive,Good
"Eat Fat, Get Thin",54.07,Health,2,Lifestyle & Light Reads,True,Upper-Mid,Most Expensive,Average
10-Day Green Smoothie Cleanse: Lose Up to 15 Pounds in 10 Days!,49.71,Health,5,Lifestyle & Light Reads,True,Upper-Mid,Most Expensive,Excellent
The Art and Science of Low Carbohydrate Living,52.98,Health,5,Lifestyle & Light Reads,True,Upper-Mid,Most Expensive,Excellent
Libertarianism for Beginners,51.33,Politics,2,Other,True,Upper-Mid,Most Expensive,Average
Why the Right Went Wrong: Conservatism--From Goldwater to the Tea Party and Beyond,52.65,Politics,4,Other,True,Upper-Mid,Most Expensive,Very Good
Equal Is Unfair: America's Misguided Fight Against Income Inequality,56.86,Politics,1,Other,True,Upper-Mid,Most Expensive,Poor
Amid the Chaos,36.58,Cultural,1,Other,True,Mid,Mid-High,Poor
Dark Notes,19.19,Erotica,5,Other,True,Lower-Mid,Cheapest,Excellent
The Long Shadow of Small Ghosts: Murder and Memory in an American City,10.97,Crime,1,Other,True,Low,Cheapest,Poor
